file_name, layout, status, published, title, author, date, date_gmt, tags, media.path, media.type, media.bytes, youtube.id, youtube.width, youtube.height, content
"2007-05-05-1-childrens-parade.md","post","publish","true","#1: Children's Parade","andy","2007-05-05 21:22:23 +0100","2007-05-05 21:22:23 +0100","brighton festival, music, dance, children","EB/eb000.m4v","video/x-m4v","18769097",,,,"VGhlIGNoaWxkcmVuJ3MgcGFyYWRlIG9wZW5zIHRoZSBmZXN0aXZhbCBldmVy
eSB5ZWFyLiBUaGlzIHllYXIgdGhlIHRoZW1lIHdhcyBpbnZlbnRvcnMgYW5k
IGludmVudGlvbnMgYW5kIG92ZXIgNzAgc2Nob29scyBmcm9tIGluIGFuZCBh
cm91bmQgQnJpZ2h0b24gdG9vayBwYXJ0Lgo=
"
"2007-05-07-fringe-city.md","post","publish","true","#2: Fringe City","andy","2007-05-07 15:17:39 +0100","2007-05-07 22:17:39 +0100","Fringe festival","EB/eb001.mp3","audio/mp3","21297550",,,,"V2l0aCBtaWtlIGluIGhhbmQsIEkgdmVudHVyZSBpbnRvIEp1YmlsZWUgU3F1
YXJlIHRvIGNhcHR1cmUgdGhlIGVzc2VuY2Ugb2YgCkZyaW5nZSBDaXR5LiBJ
IG1lZXQgYSBtYW4gd2VhcmluZyBhIGp1ZGdlJ3Mgd2lnLCBhIG1hbiB3aXRo
IGdpYW50IGNhcmRib2FyZCAKZWFycyBhbmQgYSBtYW4gbWFraW5nIGZ1bm55
IHNvdW5kcyB3aXRoIGEgZ3VpdGFyLCBhIGxhcHRvcCBhbmQgbG90cyBvZiB3
aXJlcy4gCkkgYWxzbyBtZWV0IGxvdHMgb2YgbG92ZWx5IHBlb3BsZSB3aG8g
cHJvbWlzZSB0byByZXZpZXcgdGhlIHBlcmZvcm1hbmNlcyB0aGV5IApzZWUg
ZHVyaW5nIHRoZSBmZXN0aXZhbCAtIGhvcmFoIQo=
"
"2007-05-09-queens-park-may-day-in-albion.md","post","publish","true","#3: Queens Park - May Day in Albion","andy","2007-05-09 13:55:21 +0100","2007-05-09 20:55:21 +0100","queens park, theatre, music, dance","EB/eb002.mp3","audio/mp3","7356308",,,,"T24gdGhlIGZpcnN0IFN1bmRheSBldmVyeSBNYXksIFF1ZWVucyBQYXJrIGlu
IEJyaWdodG9uIGJlY29tZXMgaG9zdCB0byBhIGJ1bmNoIApvZiBNYXkgRGF5
IGNlbGVicmF0aW9ucyBmcm9tIGdyZWVuLWNsYWQgbnltcGhldHRlcyBkb2lu
ZyBmZXJ0aWxpdHkgZGFuY2VzIAphcm91bmQgYSBtYXlwb2xlLCB0byBsaXZl
IHRoZWF0cmUsIHRvIGZvbGsgYmFuZHMuIERlc3BpdGUgY29vbCwgZ3JleSBz
a2llcywgCnRoZXJlIHdhcyBwbGVudHkgaGFwcGVuaW5nIC0gSSdtIGdsYWQg
SSB3ZW50IQoKTWVudGlvbmVkIGluIHRoaXMgc2hvdzotCgpbQmxvb2RzdG9u
ZSBBcnRzXShodHRwOi8vd3d3LmJsb29kc3RvbmVhcnRzLmNvbSkKCltTdWZm
b2xrIEhvd2xlcnNdKGh0dHA6Ly93d3cubXlzcGFjZS5jb20vc3VmZm9sa2hv
d2xlcnMpCg==
"
"2007-05-13-4-the-streets-of-brighton.md","post","publish","true","#4: The Streets of Brighton","andy","2007-05-13 23:14:39 +0100","2007-05-13 23:14:39 +0100","Fringe festival, theatre, street entertainment","EB/eb004.mp3","audio/mp3","50299314",,,,"VGhlIFN0cmVldHMgb2YgQnJpZ2h0b24gdG9vayBwbGFjZSBvbiBGcmlkYXkg
MTF0aCBhbmQgU2F0dXJkYXkgMTJ0aCBNYXkuIApFbmpveSBhbiBvdXRkb29y
IHBlcmlvZCBkcmFtYSwgZ2lhbnQgcHJhd25zIGRvaW5nIGEgc3RyaXB0ZWFz
ZSwgbGl2ZWx5IG91dGRvb3IgCm11c2ljIGZyb20gYSBncm91cCBvZiBmcm9n
bWVuLCBibG9rZXMgaW4gcHVicywgYW4gaW5jcmVkaWJsZSBnb25nIHNob3dl
ciwgYSAKaHlkcmF1bGljIGNhcmF2YW4gYW5kIHNvbWUgc3BsZW5kaWQsIHB1
bHNhdGluZyB0cmVlIGxpZ2h0cy4KCjxhIGRhdGEtZmxpY2tyLWVtYmVkPSJ0
cnVlIiAgaHJlZj0iaHR0cHM6Ly93d3cuZmxpY2tyLmNvbS9waG90b3MvYW5k
eXdoaXRlYnJpZ2h0b24vMjY2MTQyOTAwNjYvaW4vYWxidW0tNzIxNTc2NjY4
MTAyODk1NzIvIiB0aXRsZT0iUmFtc2hhY2tsaWNpb3VzLCBCcmlnaHRvbiBG
cmluZ2UsIFVLIj48aW1nIHNyYz0iaHR0cHM6Ly9mYXJtMi5zdGF0aWNmbGlj
a3IuY29tLzE0NTAvMjY2MTQyOTAwNjZfN2ZhNmI4MjIwYl9uLmpwZyIgd2lk
dGg9IjMyMCIgaGVpZ2h0PSIzMjAiIGFsdD0iUmFtc2hhY2tsaWNpb3VzLCBC
cmlnaHRvbiBGcmluZ2UsIFVLIj48L2E+PHNjcmlwdCBhc3luYyBzcmM9Ii8v
ZW1iZWRyLmZsaWNrci5jb20vYXNzZXRzL2NsaWVudC1jb2RlLmpzIiBjaGFy
c2V0PSJ1dGYtOCI+PC9zY3JpcHQ+CgpBcnRpc3RzIGZlYXR1cmVkL21lbnRp
b25lZC9jb3VsZCBiZSBoZWFyZCBpbiBiYWNrZ3JvdW5kOi0KCiAgKiA8YSBo
cmVmPSJodHRwOi8vd3d3LnN3ZXJ2eXdvcmxkLmNvbSIgdGFyZ2V0PSJfYmxh
bmsiPlN3ZXJ2eSBXb3JsZDwvYT4gLSB3ZXJlIHRoZSBEZWVwIFNlYSBKaXZl
cnMKICAqIFRhbnRydW0gVGhlYXRyZSAtIHdlcmUgVGhlIFByYXducwogICog
PGEgaHJlZj0iaHR0cDovL3d3dy5zcGlyYWxmbGlnaHQuY28udWsiIHRhcmdl
dD0iX2JsYW5rIj5TcGlyYWwgRmxpZ2h0PC9hPiAtIHBlcmZvcm1lZCBDYXJh
dmFuIG9mIERlc2lyZXMKICAqIDxhIGhyZWY9Imh0dHA6Ly93d3cucmFtc2hh
Y2tsaWNpb3VzLmNvbSIgdGFyZ2V0PSJfYmxhbmsiPlJhbXNoYWNrbGljaW91
czwvYT4gLSAocGljdHVyZWQpIHBlcmZvcm1lZCBUaGUgUm9hZCB0byBOb3do
ZXJlCiAgKiBQYWthIHRoZSBVbmNyZWRpYmxlIC0gcGVyZm9ybWVkIEZsb2dn
aW5nIGEgZGVhZCBob3JzZQogICogPGEgaHJlZj0iaHR0cDovL3d3dy5vcmtl
c3RyYWRlbHNvbC5jby51ayIgdGFyZ2V0PSJfYmxhbmsiPk9ya2VzdHJhIERl
bCBTb2w8L2E+IC0gcGVyZm9ybWVkIEZhbmZhcmUKICAqIEhvb2R3aW5rIC0g
cGVyZm9ybWVkIFBsZWFzdXJlIEdhcmRlbgogICogPGEgaHJlZj0iaHR0cDov
L3d3dy5hc3dhcm0uY29tIiB0YXJnZXQ9Il9ibGFuayI+QXN3YXJtPC9hPiAt
IEdhdGhlciAoVGhlIGxpZ2h0cyBpbiB0aGUgdHJlZXMpCg==
"
"2007-05-25-5-greedy-and-the-pros-from-dover-at-the-udderbelly.md","post","publish","true","#5: Greedy and The Pros from Dover at the Udderbelly","andy","2007-05-25 20:58:31 +0100","2007-05-25 20:58:31 +0100","Fringe festival, comedy","EB/eb005.mp3","audio/mp3","21505232",,,,"VGhlIFVkZGVyYmVsbHkgaXMgYSBiaWcsIGJsdWUsIHVwLXNpZGUtZG93biBj
b3cgdGhhdCB0b3VycyB0aGUgY291bnRyeSBhdHRlbmRpbmcgCnZhcmlvdXMg
ZmVzdGl2YWxzIGluY2x1ZGluZyBvdXIgdmVyeSBvd24gQnJpZ2h0b24gRnJp
bmdlIEZlc3RpdmFsLiAKCkkgaGFkIHRoZSBwbGVhc3VyZSBvZiBzaXR0aW5n
IGluIHRoZSBVZGRlcmJlbGx5IGJhciAoYWN0dWFsbHkgYSB0ZW50KSBhbmQg
CmNoYXR0aW5nIHdpdGggdHdvIGNvbWVkeSBza2V0Y2ggdGVhbXMgd2hvIHdl
cmUgcGxheWluZyB0aGVyZSwgCjxhIGhyZWY9IiBodHRwOi8vd3d3Lm15c3Bh
Y2UuY29tL2dyZWVkeXNrZXRjaGNvbWVkeSIgdGFyZ2V0PSJfYmxhbmsiPkdy
ZWVkeTwvYT4gCihMb3VpZSBCYXlsaXNzLCA8YSBocmVmPSJodHRwOi8vd3d3
Lm15c3BhY2UuY29tL2ZlbGljaXR5d3JlbjEiIHRhcmdldD0iX2JsYW5rIj5G
ZWxpY2l0eSBXcmVuPC9hPiwgClJhY2hlbCBFZ2FuLCBBbGFuIEZyZWVzdG9u
ZSBhbmQgCjxhIGhyZWY9Imh0dHA6Ly93d3cubXlzcGFjZS5jb20vamFtZXN3
cmVuY29tZWR5IiB0YXJnZXQ9Il9ibGFuayI+SmFtZXMgV3JlbjwvYT4pIAph
bmQgPGEgaHJlZj0iaHR0cDovL3d3dy5wcm9zZnJvbWRvdmVyLmNvLnVrIiB0
YXJnZXQ9Il9ibGFuayI+VGhlIFByb3MgZnJvbSBEb3ZlcjwvYT4gCig8YSBo
cmVmPSJodHRwOi8vd3d3LnRoZW5laWxjb2xlc2hvdy5jb20vIiB0YXJnZXQ9
Il9ibGFuayI+TmVpbCBDb2xlPC9hPiwgCjxhIGhyZWY9Imh0dHA6Ly93d3cu
bXlzcGFjZS5jb20vcGhpbHdoZWxhbnMiIHRhcmdldD0iX2JsYW5rIj5QaGls
IFdoZWxhbnM8L2E+IAphbmQgPGEgaHJlZj0iIGh0dHA6Ly93d3cubXlzcGFj
ZS5jb20vcmljaGFyZF9nbG92ZXIxMjMiIHRhcmdldD0iX2JsYW5rIj5SaWNo
YXJkIApHbG92ZXI8L2E+KS4KCkxlYXJuIGFsbCBhYm91dCBib3dlbCBnYXMg
cHJvYmxlbXMsIGFjY2lkZW50cyB0aGF0IG9ubHkgcmljaCBwZW9wbGUgY2Fu
IGhhdmUgCmFuZCB3aGF0IGl0J3MgbGlrZSB0byBiZSBraXNzZWQgb24gdGhl
IGhlYWQgYnkgSm9kaWUgS2lkZCwgd2hhdCBSaWNrIE1heWFsbCBpcyAKcmVh
bGx5IGxpa2UgYW5kIGhvdyB0byBzdWNjZWVkIGluIGNvdyB0aXBwaW5nLgoK
PGltZyBzcmM9Imh0dHA6Ly93d3cuZXZlbnRmdWxicmlnaHRvbi5vcmcuL21l
ZGlhL2dyZWVkeXByb3MuanBnIiBhbHQ9IkdyZWVkeSAmIFRoZSBQcm9zIGZy
b20gRG92ZXIiIC8+Cg==
"
"2007-05-31-6-brighton-festival-reviews-2007.md","post","publish","true","#6: Brighton Festival Reviews 2007","andy","2007-05-31 20:10:46 +0100","2007-05-31 20:10:46 +0100","brighton festival, Fringe festival, music, comedy","EB/eb006.mp3","audio/mp3","14298762",,,,"T3BpbmlvbnMgYW5kIHRob3VnaHRzIG9uIHNvbWUgb2YgdGhlIGFjdHMgaW4g
dGhlIEJyaWdodG9uIEZlc3RpdmFsIGZyb20gdHdvIG9mIApvdXIgcmV2aWV3
ZXJzIEpvIGluIEJyaWdodG9uIGFuZCBMZWUgaW4gU2hvcmVoYW0uIExpc3Rl
biBpbiB0byBzZWUgd2hhdCB0aGV5IAp0aG91Z2h0IG9mIERyIEl2b3IgSGFp
cnkgQnVtIGFuZCBEciBXaWxseSBXZWUsIENpcnF1ZSBTdXJyZWFsLCBIZSBT
YWlkIFNoZSBTYWlkLCAKU2xhdWdodGVyaG91c2UsIElkYSBCYXJyIGFuZCBU
aGUgQ2Flc2FyIFR3aW5zLgo=
"
"2007-06-09-7-hang-drum-and-didgeridoo-music.md","post","publish","true","#7: Hang Drum and Didgeridoo Music","andy","2007-06-09 20:36:31 +0100","2007-06-09 20:36:31 +0100","music, street entertainment","EB/eb007.mp3","audio/mp3","7443054",,,,"U3Ryb2xsaW5nIGFsb25nIEdhcmRpbmVyIFN0cmVldCBpbiB0aGUgTm9ydGgg
TGFpbmVzLCBJIGhlYXJkIHRoZXNlIHR3byBndXlzIApwcm9kdWNpbmcgYW4g
YW1hemluZyBzb3VuZCwgdGhleSB3ZXJlIERhbm55IGFuZCBNYXRpYXMsIHdo
byBjYWxsIHRoZW1zZWx2ZXMgClJpc2hpa2VzaC4gSSBqdXN0IGhhZCB0byBy
ZWNvcmQgdGhlbSBmb3IgdGhlIHNob3cuIE1hdGlhcyB3YXMgcGxheWluZyB0
aGUgCmRpZGdlcmlkb28gYW5kIERhbm55IGhhZCB3aGF0IGxvb2tlZCBsaWtl
IGFuIHVwLXNpZGUtZG93biB3b2sgLSBhY3R1YWxseSBhIApoYW5nIGRydW0u
IEVuam95Lgo=
"
"2007-06-15-8-ingenious-at-the-university-of-sussex.md","post","publish","true","#8: Ingenious at the University of Sussex","andy","2007-06-15 23:09:22 +0100","2007-06-15 23:09:22 +0100","science, technology","EB/eb008.mp3","audio/mp3","25987264",,,,"TWVldCBhIGd1eSB3aG8gcmVndWxhcmx5IHBlcmZvcm1zIGEgdGhyZWUgcG9p
bnQgdHVybiAtIHdpdGggYW4gYXRvbSEgTGVhcm4gaG93IAp0byBtZWFzdXJl
IHRoZSBjaGFyZ2Ugc2VwYXJhdGlvbiBpbiBhIG5ldXRyb24gLSBhbmQgY2hh
bmdlIHRoZSBjb3Vyc2Ugb2YgU3RyaW5nIApUaGVvcnkuIEhlYXIgYWJvdXQg
YSB0ZWNobm9sb2d5IHRoYXQgY291bGQgZmx5IHlvdSBmcm9tIFRva3lvIHRv
IE5ldyBZb3JrIGluIAp1bmRlciB0d28gaG91cnMuCgpBbGwgdGhpcyBoYXBw
ZW5lZCBhdCB0aGUgVW5pdmVyc2l0eSBvZiBTdXNzZXggaW4gdGhlaXIgSW5n
ZW5pb3VzIGV2ZW50IHdoZXJlIAp0aGUgZXhjaXRpbmcgd29ybGQgb2Ygc2Np
ZW5jZSBhbmQgcmVzZWFyY2ggd2FzIG9wZW5lZCBmb3IgYWxsIHRvIHNlZS4K
"
"2007-09-10-9-pride-2007.md","post","publish","true","#9: Pride 2007","andy","2007-09-10 16:53:04 +0100","2007-09-10 16:53:04 +0100","music, dance, street entertainment","EB/eb009.mp3","audio/mp3","27861810",,,,"QW5keSBkb2VzIGhpcyBiZXN0IHRvIGdldCBhIGZlZWwgZm9yIFByaWRlIGV2
ZW4gdGhvdWdoIGhlIGFycmFuZ2VkIHRvIGdvIHZpc2l0IApoaXMgaW4tbGF3
cyBvbiB0aGUgZGF5IC0gV29vb29vcHMhCg==
"
"2007-09-16-10-brighton-earthship.md","post","publish","true","#10: Brighton Earthship","andy","2007-09-16 20:59:30 +0100","2007-09-16 20:59:30 +0100","science, technology, environment","EB/eb010.mp3","audio/mp3","27390556",,,,"TWlzY2hhIEhld2l0dCBvZiBbVGhlIExvdyBDYXJib24gTmV0d29ya10oaHR0
cDovL3d3dy5sb3djYXJib24uY28udWspIHRha2VzIApBbmR5IG9uIGEgdG91
ciBvZiB0aGUgQnJpZ2h0b24gRWFydGhzaGlwLgoKSW1hZ2luZSBhIGJ1aWxk
aW5nIHRoYXQgaGVhdHMgaXRzZWxmIGR1cmluZyB0aGUgd2ludGVyLCBjb29s
cyBpdHNlbGYgZHVyaW5nIHRoZSAKc3VtbWVyLCBkZWFscyB3aXRoIGl0J3Mg
b3duIHdhc3RlLCBjb2xsZWN0cyBhbGwgdGhlIHdhdGVyIGl0IG5lZWRzIGZy
b20gdGhlIAplbnZpcm9ubWVudCwgaXMgbWFkZSBmcm9tIG9sZCBjYXIgdHly
ZXMsIGFuZCBsb29rcyBiZWF1dGlmdWwgLSB0aGF0J3MgYW4gCmVhcnRoc2hp
cC4gCg==
"
"2008-01-11-11-anston-house-protesters.md","post","publish","true","#11: Anston House Protesters","andy","2008-01-11 18:43:31 +0000","2008-01-11 18:43:31 +0000","environment","EB/eb011.mp3","audio/mp3","30665770",,,,"SW4gSnVuZSAyMDA3LCB0byB0aGUgYW5nZXIgb2YgbWFueSBCcmlnaHRvbiBy
ZXNpZGVudHMsIGRldmVsb3BlcnMgYXJyaXZlZCBvbiAKbGFuZCBuZXh0IHRv
IEFuc3RvbiBIb3VzZSwgUHJlc3RvbiBSb2FkLCBCcmlnaHRvbiBhbmQgYnVs
bGRvemVkIGFib3V0IHRlbiAKbWF0dXJlIG9ha3MgYW5kIGNvcHBlciBiZWVj
aGVzIHdoaWNoIGhhZCBUcmVlIFByb3RlY3Rpb24gT3JkZXJzLiAKClNvb24g
YWZ0ZXJ3YXJkcywgcHJvdGVzdGVycyBzZXQgdXAgY2FtcCBvbiB0aGUgbGFu
ZC4gSSBzcG9rZSB0byBDb2xpbiBXZXN0IGFuZCAKU2FuZHJhIER1bm5lLCAy
IG9mIHRoZSBwcm90ZXN0ZXJzLCB0byBnZXQgdGhlaXIgdmlld3MuCg==
"
"2008-09-22-12-stop-starbucks.md","post","publish","true","#12: Stop Starbucks!","andy","2008-09-22 16:13:52 +0100","2008-09-22 16:13:52 +0100","protests, planning","EB/eb012.mp3","audio/mp3","32690374",,,,"SSBzcGVhayB3aXRoIExvdWlzIExvaXpvdSB3aG8gaXMgaGVhZGluZyBhIHdl
ZWtseSBwcm90ZXN0IGFnYWluc3QgU3RhcmJ1Y2tzIAp3aG8gb3BlbmVkIGlu
IFN0LiBKYW1lcyBTdHJlZXQsIEtlbXB0b3duIGRlc3BpdGUgdGhlIGNvdW5j
aWwgdHVybmluZyB0aGVpciAKYXBwbGljYXRpb24gZG93bi4KClNlZSBhbHNv
IHRoZSA8YSBocmVmPSJodHRwOi8vd3d3LmZhY2Vib29rLmNvbS9ncm91cC5w
aHA/Z2lkPTI0ODM4Njg4MzA0IiB0YXJnZXQ9Il9ibGFuayI+ClN0b3AgU3Rh
cmJ1Y2tzIGZyb20gT3BlbmluZyBvbiBTdCBKYW1lcyBTdHJlZXQ8L2E+IGdy
b3VwIG9uIEZhY2Vib29rLgo=
"
"2009-04-14-13-starting-over-show.md","post","publish","true","#13: Starting Over Show","andy","2009-04-14 21:16:48 +0100","2009-04-14 21:16:48 +0100","relationships","EB/eb013-starting-over-show.mp3","audio/mp3","22066936",,,,"PGEgaHJlZj0iaHR0cDovL3d3dy5zdGFydGluZ292ZXJzaG93LmNvLnVrLyIg
dGFyZ2V0PSJfYmxhbmsiPlRoZSBTdGFydGluZyBPdmVyIFNob3c8L2E+IHRv
b2sgcGxhY2Ugb24gU3VuZGF5IDE1dGggTWFyY2ggMjAwOSBhdCB0aGUgU2hp
cCBIb3RlbCBpbiBCcmlnaHRvbi4gSGVyZSBJIHRhbGsgdG8gU3V6eSBNaWxs
ZXIsIHRoZSBsYWR5IGJlaGluZCB0aGUgc2hvdywgYSBudW1iZXIgb2YgZXho
aWJpdG9ycywgYW5kIDxhIGhyZWY9Imh0dHA6Ly90YW5rdXN0aGVoZW5nZS5j
b20vIiB0YXJnZXQ9Il9ibGFuayI+VGFua3VzIHRoZSBIZW5nZTwvYT4sIHRo
ZSBiYW5kIHBsYXlpbmcgYXQgdGhlIHNob3cuCgo8aW1nIGFsdD0iIiBzcmM9
Imh0dHA6Ly93d3cuZXZlbnRmdWxicmlnaHRvbi5vcmcvbWVkaWEvc29zLmpw
ZyIgdGl0bGU9IlN0YXJ0aW5nIE92ZXIgU2hvdyIgY2xhc3M9ImFsaWdubGVm
dCIgd2lkdGg9IjIwMHB4IiBoZWlnaHQ9IjIwMHB4IiAvPgo=
"
"2009-04-16-14-trance-music-in-pavilion-gardens.md","post","publish","true","#14: Trance Music in Pavilion Gardens","andy","2009-04-16 18:44:07 +0100","2009-04-16 18:44:07 +0100","music, street entertainment","EB/eb014-trance-music-in-pavilion-gardens.mp3","audio/mp3","13499007",,,,"QW5vdGhlciBtZXNtZXJpc2luZyB0cmVhdCBoZXJlIHdpdGggRGlkZ2VyaWRv
bywgSGFuZyBEcnVtIGFuZCBEcnVtcyBwbGF5ZWQgdG8gCnBlcmZlY3Rpb24u
IFdlIGFyZSBzbyBsdWNreSB0byBoYXZlIGZvbGtzIGxpa2UgdGhpcyBwZXJm
b3JtaW5nIHB1YmxpY2x5IGFuZCAKZnJlZWx5IGluIEJyaWdodG9uLiAKCjxh
IGRhdGEtZmxpY2tyLWVtYmVkPSJ0cnVlIiAgaHJlZj0iaHR0cHM6Ly93d3cu
ZmxpY2tyLmNvbS9waG90b3MvYW5keXdoaXRlYnJpZ2h0b24vMjY1NDg5NTgz
ODIvaW4vYWxidW0tNzIxNTc2NjY4OTU3OTY1MzYvIiB0aXRsZT0iUm93YW4g
YW5kIHRoZSBiYW5kLCBQYXZpbGlvbiBHYXJkZW5zLCBCcmlnaHRvbiwgVUsi
PjxpbWcgc3JjPSJodHRwczovL2Zhcm0yLnN0YXRpY2ZsaWNrci5jb20vMTQ1
Mi8yNjU0ODk1ODM4Ml83NTk5ZmQ4NjUyLmpwZyIgd2lkdGg9IjUwMCIgaGVp
Z2h0PSIzNzUiIGFsdD0iUm93YW4gYW5kIHRoZSBiYW5kLCBQYXZpbGlvbiBH
YXJkZW5zLCBCcmlnaHRvbiwgVUsiPjwvYT48c2NyaXB0IGFzeW5jIHNyYz0i
Ly9lbWJlZHIuZmxpY2tyLmNvbS9hc3NldHMvY2xpZW50LWNvZGUuanMiIGNo
YXJzZXQ9InV0Zi04Ij48L3NjcmlwdD4K
"
"2009-04-22-15-nelly-mystic-warrior-play-sitar.md","post","publish","true","#15: Nelly Mystic Warrior plays the Sitar","andy","2009-04-22 15:37:20 +0100","2009-04-22 15:37:20 +0100","music, street entertainment","EB/eb015-nelly-mystic-warrior-plays-sitar.mp3","audio/mp3","8618027",,,,"WWVzLCBJIGtub3cgSSdtIGFsd2F5cyBoYW5naW5nIGFyb3VuZCBQYXZpbGlv
biBnYXJkZW5zIGFuZCB0aGUgbGFzdCBlcGlzb2RlIHdhcyBmcm9tIFBhdmls
aW9uIEdhcmRlbnMgYnV0IEkndmUgYmVlbiB0cnlpbmcgdG8gaW50ZXJ2aWV3
IHRoaXMgZ3V5IGZvciBhZ2VzLiA8YSBocmVmPSJodHRwOi8vd3d3Lm15c3Bh
Y2UuY29tL25lbGx5bXlzdGljd2FycmlvciIgdGFyZ2V0PSJfYmxhbmsiPlNp
dGFyIE1hbiwgYWxzbyBrbm93IGFzIE5lbGx5IE15c3RpYyBXYXJyaW9yPC9h
PiBoYXMgYmVlbiBwbGF5aW5nIHRoZSBzaXRhciBzaW5jZSBhYm91dCAyMDA1
LCBhZnRlciBhIHRyaXAgdG8gSW5kaWEuIEhlIGFsc28gaGFzIGEgbmV3IHBy
b2plY3QsIDxhIGhyZWY9Imh0dHA6Ly93d3cubXlzcGFjZS5jb20vd2F2ZWhl
YWR1ayIgdGFyZ2V0PSJfYmxhbmsiPldhdmVoZWFkLCBmZWF0dXJpbmcgRWxl
Y3Ryb25pY2EgRGFuY2UgTXVzaWM8L2E+LiBFbnRyYW5jaW5nIQoKPGEgZGF0
YS1mbGlja3ItZW1iZWQ9InRydWUiICBocmVmPSJodHRwczovL3d3dy5mbGlj
a3IuY29tL3Bob3Rvcy9hbmR5d2hpdGVicmlnaHRvbi8yNjY0MjcxODcyNS9p
bi9hbGJ1bS03MjE1NzY2Njg5NTc5NjUzNi8iIHRpdGxlPSJOZWxseSBNeXN0
aWMgV2FycmlvciwgUGF2aWxpb24gR2FyZGVucywgQnJpZ2h0b24sIFVLIj48
aW1nIHNyYz0iaHR0cHM6Ly9mYXJtMi5zdGF0aWNmbGlja3IuY29tLzE0NDUv
MjY2NDI3MTg3MjVfMGQ3NGUxYzM4ZS5qcGciIHdpZHRoPSI1MDAiIGhlaWdo
dD0iNTAwIiBhbHQ9Ik5lbGx5IE15c3RpYyBXYXJyaW9yLCBQYXZpbGlvbiBH
YXJkZW5zLCBCcmlnaHRvbiwgVUsiPjwvYT48c2NyaXB0IGFzeW5jIHNyYz0i
Ly9lbWJlZHIuZmxpY2tyLmNvbS9hc3NldHMvY2xpZW50LWNvZGUuanMiIGNo
YXJzZXQ9InV0Zi04Ij48L3NjcmlwdD4K
"
"2009-05-04-16-youth-arts-fringe-launch-night.md","post","publish","true","#16: Youth Arts Fringe Launch Night","andy","2009-05-04 21:45:19 +0100","2009-05-04 21:45:19 +0100","brighton festival, theatre, music, dance, street entertainment","EB/eb016-youth-arts-fringe-launch-night.m4v","video/x-m4v","77651056",,,,"SSB0YWtlIGEgd2FsayBhcm91bmQgdGhlIFlvdXRoIEFydHMgRnJpbmdlIExh
dW5jaCBOaWdodCBhdCAKPGEgaHJlZj0iaHR0cDovL3d3dy50aGVvbGRtYXJr
ZXQuY28udWsvaW5kZXgucGhwIiB0YXJnZXQ9Il9ibGFuayI+VGhlIE9sZCAK
TWFya2V0IFBsYWNlLCBIb3ZlPC9hPi4gTWFueSB0aGFua3MgdG8gU2FyYWgg
UGFpbiBhbmQgY3JldyBhbmQgdG8gYWxsIHRoZSB5b3VuZyAKYXJ0aXN0cyBh
bmQgZXhoaWJpdG9ycyB3aG8gcGFydGljaXBhdGVkIGluIHRoZSBzaG93LgoK
RmluZCBvdXQgbW9yZSBhYm91dCB0aGUgPGEgaHJlZj0iaHR0cDovL3lvdXRo
YXJ0c2ZyaW5nZS5vcmcudWsvIiB0YXJnZXQ9Il9ibGFuayI+CllvdXRoIEFy
dHMgRnJpbmdlPC9hPi4K
"
"2009-06-10-reverend-billy-visits-starbucks-on-st-james-street.md","post","publish","true","Reverend Billy visits Starbucks on St. James Street","andy","2009-06-10 22:52:24 +0100","2009-06-10 22:52:24 +0100","street entertainment, protests",,,,"uGk9vjqmaaQ","480","360","T2ggYm95LCBob3cgSSB3aXNoIEkgY291bGQgaGF2ZSBiZWVuIHRoZXJlIG9u
IDFzdCBKdW5lIHRvIHNlZSB0aGlzIGZpcnN0IGhhbmQgLSB0aGlzIGlzIGhp
bGFyaW91cy4gVGhhbmtzIHRvIDxhIGhyZWY9Imh0dHA6Ly93d3cueW91dHVi
ZS5jb20vdXNlci9yb2xsYWNvYXN0IiB0YXJnZXQ9Il9ibGFuayI+cm9sbGFj
b2FzdDwvYT4gb24gWW91VHViZSBmb3IgdGhpcyBvbmUuLi4uCg==
"
"2009-10-02-17-giovanni-sings-elvis.md","post","publish","true","#17: Giovanni sings Elvis","andy","2009-10-02 09:04:14 +0100","2009-10-02 09:04:14 +0100","music","EB/eb017-giovanni-sings-elvis.mp3","audio/mp3","6785035",,,,"SSB3YXMgaW4gb25lIG9mIG15IGZhdm91cml0ZSBjYWZlcyB0aGlzIG1vcm5p
bmcsIDxhIGhyZWY9Imh0dHA6Ly93d3cudmlld2JyaWdodG9uLmNvLnVrL3Jl
c3RhdXJhbnRzL2xhLWdpZ28tZ2ktaW5mby0yODI0Ny5odG1sIiB0YXJnZXQ9
Il9ibGFuayI+TGEgR2lnbyBHaTwvYT4sICBhbmQgZm91bmQgR2lvdmFubmks
IHRoZSBvd25lciwgcGxheWluZyBndWl0YXIgYW5kIHNpbmdpbmcgYXdheSAt
IGFuZCBoZSB3YXMgZ29vZCEgSSd2ZSBrbm93biBoaW0gZm9yIGEgZmV3IG1v
bnRocyBub3cgYW5kIHJlY2VudGx5IHJlY29yZGVkIG9uZSBvZiBvdXIgPGEg
aHJlZj0iaHR0cDovL3d3dy5zb2NpYWxtZWRpYXdoaXRlbm9pc2UuY29tLzIw
MDkvMDkvMjEvMjEtaXRhbGlhbi1sYWRpZXMtb2YtdGhlLW5pZ2h0LyIgdGFy
Z2V0PSJfYmxhbmsiPlNvY2lhbCBNZWRpYSBXaGl0ZSBOb2lzZSBwb2RjYXN0
czwvYT4gdGhlcmUgLSB3aGVyZSBoZSBtYWRlIGEgYnJpZWYgYXBwZWFyYW5j
ZS4gQnkgdGhlIHdheSAtIGhpcyBtZWF0YmFsbHMgd2l0aCBwYXN0YSBpcyBv
bmUgb2YgdGhlIGJlc3QgSSd2ZSBldmVyIHRhc3RlZC4KCjxhIGRhdGEtZmxp
Y2tyLWVtYmVkPSJ0cnVlIiAgaHJlZj0iaHR0cHM6Ly93d3cuZmxpY2tyLmNv
bS9waG90b3MvYW5keXdoaXRlYnJpZ2h0b24vMjY2NDQ2NTgyOTUvaW4vYWxi
dW0tNzIxNTc2NjY4OTU3OTY1MzYvIiB0aXRsZT0iR2lvdmFubmksIExhIEdp
Z28gR2kgQ2FmZSwgQnJpZ2h0b24sIFVLIj48aW1nIHNyYz0iaHR0cHM6Ly9m
YXJtMi5zdGF0aWNmbGlja3IuY29tLzE1NjAvMjY2NDQ2NTgyOTVfZDM4NTkz
MjY0Yy5qcGciIHdpZHRoPSI1MDAiIGhlaWdodD0iMzc1IiBhbHQ9Ikdpb3Zh
bm5pLCBMYSBHaWdvIEdpIENhZmUsIEJyaWdodG9uLCBVSyI+PC9hPjxzY3Jp
cHQgYXN5bmMgc3JjPSIvL2VtYmVkci5mbGlja3IuY29tL2Fzc2V0cy9jbGll
bnQtY29kZS5qcyIgY2hhcnNldD0idXRmLTgiPjwvc2NyaXB0Pgo=
"
"2010-04-18-18-brighton-marathon.md","post","publish","true","#18: Brighton Marathon","andy","2010-04-18 13:38:46 +0100","2010-04-18 13:38:46 +0100","sport","EB/eb018-brighton-marathon-2010.mp3","audio/mp3","35239380",,,,"WWlrZXMhIEJyaWdodG9uJ3MgZmlyc3QgbWFyYXRob24uCgpTbyBpbiBteSB1
c3VhbCBzdHlsZSBJIHNhdW50ZXJlZCB0aHJvdWdoIHRoZSByZWxldmFudCBz
dHJlZXRzIHNvYWtpbmcgaW4gdGhlIGF0bW9zcGhlcmUgb2YgdGhpcyBoaXN0
b3JpYyBldmVudC4gVGhlIGFjdHVhbCB3aW5uZXIgd2FzIE1vbmdvbGlhbiBT
ZXItb2QgQmEtb3RvY2hpciAtIHdlbGwgZG9uZSBzb24uCgo8YSBkYXRhLWZs
aWNrci1lbWJlZD0idHJ1ZSIgIGhyZWY9Imh0dHBzOi8vd3d3LmZsaWNrci5j
b20vcGhvdG9zL2FuZHl3aGl0ZWJyaWdodG9uLzI2NjE4MzU2NjQ2L2luL2Fs
YnVtLTcyMTU3NjY3MTU5MTk0MTI1LyIgdGl0bGU9IkZpcnN0IEJyaWdodG9u
IE1hcmF0aG9uLCBVSyI+PGltZyBzcmM9Imh0dHBzOi8vZmFybTIuc3RhdGlj
ZmxpY2tyLmNvbS8xNzAzLzI2NjE4MzU2NjQ2XzgyNzczMjNjOTMuanBnIiB3
aWR0aD0iNTAwIiBoZWlnaHQ9IjUwMCIgYWx0PSJGaXJzdCBCcmlnaHRvbiBN
YXJhdGhvbiwgVUsiPjwvYT48c2NyaXB0IGFzeW5jIHNyYz0iLy9lbWJlZHIu
ZmxpY2tyLmNvbS9hc3NldHMvY2xpZW50LWNvZGUuanMiIGNoYXJzZXQ9InV0
Zi04Ij48L3NjcmlwdD4K
"
"2010-05-14-19-richard-stamp-developer-of-the-ifringe-app.md","post","publish","true","#19: Richard Stamp - developer of the iFringe app","andy","2010-05-14 15:09:15 +0100","2010-05-14 15:09:15 +0100","Fringe festival, technology","EB/eb019-richard-stamp-ifringe-app.mp3","audio/mp3","16455635",,,,"SSBzcGVudCBzb21lIHRpbWUgd2l0aCA8YSBocmVmPSJodHRwOi8vdHdpdHRl
ci5jb20vRnJpbmdlR3VydSIgdGFyZ2V0PSJfYmxhbmsiPlJpY2hhcmQgU3Rh
bXA8L2E+IGluIDxhIGhyZWY9Imh0dHA6Ly93d3cucGF2aWxpb25nYXJkZW5z
Y2FmZS5jby51ayIgdGFyZ2V0PSJfYmxhbmsiPlBhdmlsaW9uIEdhcmRlbnMg
Q2FmZTwvYT4uIFJpY2hhcmQgYW5kIGhpcyB0ZWFtIGRldmVsb3BlZCB0aGUg
PGEgaHJlZj0iaHR0cDovL3d3dy5pZnJpbmdlLmNvLnVrIiB0YXJnZXQ9Il9i
bGFuayI+aUZyaW5nZTwvYT4gYXBwIGZvciB0aGUgaVBob25lLiBIZSB0YWxr
cyBhYm91dCBoaXMgcGFzc2lvbiBmb3IgZnJpbmdlIGZlc3RpdmFscyBhbmQg
dGhlIDxhIGhyZWY9Imh0dHA6Ly93d3cuZWRmcmluZ2UuY29tIiB0YXJnZXQ9
Il9ibGFuayI+RWRpbmJ1cmdoIEZyaW5nZSBGZXN0aXZhbDwvYT4gaW4gcGFy
dGljdWxhci4gUmljaGFyZCBhbHNvIGhhcyBhIDxhIGhyZWY9Imh0dHA6Ly93
d3cuZnJpbmdlZ3VydS5jb20iIHRhcmdldD0iX2JsYW5rIj5mcmluZ2UgZmVz
dGl2YWwgaW5mb3JtYXRpb24gYW5kIHJldmlld3Mgd2Vic2l0ZTwvYT4uCg==
"
"2011-02-15-launch-party-brighton-festival-fringe-2011.md","post","publish","true","Launch Party - Brighton Festival Fringe 2011","andy","2011-02-15 22:05:48 +0000","2011-02-15 22:05:48 +0000","Fringe festival, Fringe 2011, Brighton Festival Fringe Podcast","BFFP/fringe2011-launch-party.mp3","audio/mp3","13385714",,,,"VGhlIHBhcnR5IHdhcyBleGNlbGxlbnQhIEkgbWV0IGFuZCBzcG9rZSB0bzoK
CiAgKiBNaWtlIEJlZGluZ2ZpZWxkIC0gdGhlIG5ldyBEaXJlY3RvciBvZiB0
aGUgRnJpbmdlCiAgKiBBbGV4IGFuZCBUcmljaWEgb2YgdGhlIDxhIGhyZWY9
Imh0dHA6Ly93d3cuZGVhbnNmZXN0aXZhbC5vcmcvIiB0YXJnZXQ9Il9ibGFu
ayI+RGVhbidzIEZlc3RpdmFsPC9hPgogICogVGFyaWsgRWxtb3V0YXdha2kg
b2YgVGhlIE1hcmxib3JvdWdoIFRoZWF0cmUKICAqIENocmlzIFBhcmtpbnNv
biwgTWluaXN0ZXIgb2YgV2ViIGFuZCBNYXJrZXRpbmcgQXNzaXN0YW50IGZv
ciB0aGUgRnJpbmdlCiAgKiBEYW1pYW4gQmFyciBvZiB0aGUgPGEgaHJlZj0i
aHR0cDovL2JyaWdodG9uZmVzdGl2YWxmcmluZ2Uub3JnLnVrL3RpY2tldGlu
Zy9saXN0aW5nLmFzcHg/ZXY9MjkzMCZhbXA7ZXQ9MTMmYW1wO2VkPTE0NTgy
IiB0YXJnZXQ9Il9ibGFuayI+SGVuZHJpY2sncyBIb3JzZWxlc3MgQ2Fycmlh
Z2U8L2E+CiAgKiBGZWF0dXJpbmcgbXVzaWNhbCBpbnRlcmx1ZGVzIGJ5IDxh
IGhyZWY9Imh0dHA6Ly9lbi1nYi5mYWNlYm9vay5jb20vcGVvcGxlL0Nvc21v
LVNoZWxkcmFrZS8xMDAwMDA3NjI1OTcxNTYiIHRhcmdldD0iX2JsYW5rIj5D
b3NtbyBTaGVsZHJha2U8L2E+Cgo8YSBkYXRhLWZsaWNrci1lbWJlZD0idHJ1
ZSIgIGhyZWY9Imh0dHBzOi8vd3d3LmZsaWNrci5jb20vcGhvdG9zL2FuZHl3
aGl0ZWJyaWdodG9uLzI2MDM5MjcyMTE0L2luL2FsYnVtLTcyMTU3NjY3MDc0
NDI3OTkxLyIgdGl0bGU9IkZyaW5nZSBGZXN0aXZhbCBMYXVuY2ggUGFydHks
IEJyaWdodG9uLCBVSyI+PGltZyBzcmM9Imh0dHBzOi8vZmFybTIuc3RhdGlj
ZmxpY2tyLmNvbS8xNTM2LzI2MDM5MjcyMTE0XzE5NDRjOTE2YjcuanBnIiB3
aWR0aD0iNTAwIiBoZWlnaHQ9IjI4NiIgYWx0PSJGcmluZ2UgRmVzdGl2YWwg
TGF1bmNoIFBhcnR5LCBCcmlnaHRvbiwgVUsiPjwvYT48c2NyaXB0IGFzeW5j
IHNyYz0iLy9lbWJlZHIuZmxpY2tyLmNvbS9hc3NldHMvY2xpZW50LWNvZGUu
anMiIGNoYXJzZXQ9InV0Zi04Ij48L3NjcmlwdD4K
"
"2011-03-21-the-nonesense-brighton-festival-fringe-2011.md","post","publish","true","The Nonsense - Brighton Festival Fringe 2011","andy","2011-03-21 00:17:11 +0000","2011-03-21 00:17:11 +0000","Fringe festival, theatre, Fringe 2011, Brighton Festival Fringe Podcast","BFFP/fringe2011-the-nonsense.mp3","audio/mp3","15018424",,,,"SW1hZ2luZSB3b3JraW5nIG91dCBjb250aW51b3VzbHkgZm9yIDUwIG1pbnV0
ZXMgd2hpbGUgdGFsa2luZyB2ZXJ5IGxvdWQsIG9oLCBhbmQgaW4gZnJvbnQg
b2QgYW4gYXVkaWVuY2UuIDxhIGhyZWY9Imh0dHA6Ly93d3cuYW5kcmV3a2F6
YW1pYS5jb20vIj5BbmRyZXcgS2F6YW1pYTwvYT4gd2lsbCBiZSBkb2luZyBq
dXN0IHRoaXMgaW4gVGhlIE5vbnNlbnNlLCBhIHBsYXkgZGlyZWN0ZWQgYnkg
aGlzIHNvbiwgPGEgaHJlZj0iaHR0cDovL3d3dy5kaW5va2F6YW1pYS5jb20v
Ij5EaW5vIEthbWF6aWE8L2E+LiAgPGEgaHJlZj0iaHR0cDovL3d3dy5icmln
aHRvbmZlc3RpdmFsZnJpbmdlLm9yZy51ay90aWNrZXRpbmcvaW5kZXguYXNw
eD9ldj0yNDY5Ij5UaGlzIHdpbGwgYmUgcGVyZm9ybWVkIG5vIGxlc3MgdGhh
biA2IHRpbWVzIGF0IHRoZSBLb21lZGlhIHRocm91Z2hvdXQgTWF5PC9hPi4K
CkluIHRoaXMgbGl2ZWx5IGludGVydmlldywgQW5kcmV3IGFuZCBEaW5vIGdh
dmUgc29tZSB0ZXJyaWZpYyBpbnNpZ2h0cyBpbnRvIHRoZSBzdG9yeSBiZWhp
bmQgdGhlIHBsYXksIGFuZCB5b3UgY2FuIGVuam95IG1lIHN0cnVnZ2xpbmcg
dG8gcHJvbm91bmNlIEFuZHJldydzIHN1cm5hbWUgdG9vLgoKPGltZyBzcmM9
Imh0dHA6Ly9tZWRpYTIud2lyZXdvcmxkbWVkaWEuY28udWsvQkZGUC9hbmRy
ZXctZGluby1rYXphbWlhLmpwZyIgYWx0PSJEaW5hIGFuZCBBbmRyZXcgS2F6
YW1pYSIgc3R5bGU9ImZsb2F0OiBsZWZ0OyBtYXJnaW46IDAgMjVweCA1cHgg
MDsgYm9yZGVyOiAxcHggc29saWQgYmxhY2s7IiAvPgoKUGhvdG86IDxhIGhy
ZWY9Imh0dHA6Ly93d3cuZmFjZWJvb2suY29tL3Blb3BsZS9UaWxsZXktSGFy
cmlzLzY1MTUwNjQ1OCI+VGlsbGV5IEhhcnJpczwvYT4K
"
"2011-03-30-anima-the-karavan-ensemble-brighton-festival-fringe-2011.md","post","publish","true","Anima - The Karavan Ensemble - Brighton Festival Fringe 2011","andy","2011-03-30 12:47:21 +0100","2011-03-30 12:47:21 +0100","Fringe festival, theatre, music, dance, Fringe 2011, Brighton Festival Fringe Podcast","BFFP/fringe2011-karavan-ensemble.mp3","audio/mp3","24265331",,,,"V2hhdCBoYXZlIGEgbG9hZCBvZiBtaXNzaW5nIGxhbXBzIGZyb20gSG9sbGlu
Z2RlYW4gZ290IHRvIGRvIHdpdGggdGhlIEJpZyBMZW1vbiBCdXMgYW5kIGEg
ZmFjaW5hdGluZyBsaWdodCBhbmQgZGFuY2UgcGVyZm9ybWFuY2U/IFNhcmFo
IENoYW1iZXJzIHRhbGtzIHRvIFlhZWwgS2FyYXZhbiBhbmQgQ2xhaXJlIFdl
YXJuLCBvZiB0aGUgS2FyYXZhbiBFbnNlbWJsZSB0byBnZXQgc29tZSBhbnN3
ZXJzLgoKPGltZyBzcmM9Imh0dHA6Ly9tZWRpYTIud2lyZXdvcmxkbWVkaWEu
Y28udWsvQkZGUC9hbmltYS1mbHllci5qcGciIGFsdD0iQW5pbWEiIHN0eWxl
PSJmbG9hdDogbGVmdDsgbWFyZ2luOiA1cHggMjVweCA1cHggMDsgYm9yZGVy
OiAxcHggc29saWQgYmxhY2s7IiAvPgo=
"
"2011-04-13-the-importance-of-being-earnest-iambic-arts-theatre-brighton-festival-fringe-2011.md","post","publish","true","The Importance of being Earnest - Iambic Arts Theatre - Brighton Festival Fringe 2011","andy","2011-04-13 08:08:27 +0100","2011-04-13 08:08:27 +0100","Fringe festival, theatre, comedy, Fringe 2011, Brighton Festival Fringe Podcast","BFFP/fringe2011-importance-of-being-earnest.mp3","audio/mp3","9451723",,,,"QW5keSBXaGl0ZSB0YWxrcyB0byA8YSBocmVmPSJodHRwOi8vYmFyZWZvb3Rw
bGF5ZXJzLmNvLnVrLyI+VGhlIEJhcmVmb290IFBsYXllcnM8L2E+LCB0aGUg
Y2FzdCBvZiBUaGUgSW1wb3J0YW5jZSBvZiBiZWluZyBFYXJuZXN0IHNob3dp
bmcgYXQgdGhlIDxhIGhyZWY9Imh0dHA6Ly93d3cuaWFtYmljYXJ0cy5jb20v
Ij5JYW1iaWMgVGhlYXRyZTwvYT4gaW4gTWF5LiBUaGUgcGVyZm9ybWFuY2Ug
aXMgYSBzZXh5IG1vZGVybiB1cGRhdGUgb2YgT3NjYXIgV2lsZGUncyBjbGFz
c2ljIHNvY2lhbCBzYXRpcmUgZm9yIEJyaWdodG9uIEZyaW5nZSBGZXN0aXZh
bCAyMDExIDwtLSBsaWZ0ZWQgc3RyYWlnaHQgZnJvbSA8YSBocmVmPSJodHRw
Oi8vd3d3LmZhY2Vib29rLmNvbS9wYWdlcy9UaGUtQmFyZWZvb3QtUGxheWVy
cy8xNTI5ODQ5MjA4OTUiPlRoZSBCYXJlZm9vdCBQbGF5ZXIncyBGYWNlYm9v
ayBwYWdlPC9hPiwgaG9wZSB5b3UgZG9uJ3QgbWluZCBndXlzLgoKVGhlIGNh
c3QsIGluIG9yZGVyIG9mIGFwcGVhcmFuY2U6Cgo8dWw+CjxsaT5TYXJhaCBL
aW5nIHBsYXlzIHRoZSBmb3JtaWRhYmxlIExhZHkgQnJhY2tuZWxsPC9saT4K
PGxpPlNhbSBCbGFjayBwbGF5cyBKYWNrIG9yIGlzIGl0IEVybmVzdCBXb3J0
aGluZz8gSGUncyBhbHNvIGEgbXVzY2lhbi9tdXNpY2FsIGRpcmVjdG9yIGFu
ZCBoYXMgY29tcG9zZWQgYSBzY29yZTwvbGk+CjxsaT5KYW1lcyBEYXZpZXMg
dGhlIGRpcmVjdG9yPC9saT4KPGxpPkVsZWFub3IgQ29ubG9uLCBzaGUgcGxh
eXMgR3dlbmRvbGVuIGFuZCBkb2Vzbid0IGxhdWdoIGF0IGhlciBvd24gam9r
ZXMgYnV0IGxhdWdocyBhdCBkZW50aXN0IGpva2VzIGZyb20gU2FtIGFuZCBB
bmR5IChJIHRoaW5rIEkgaGF2ZSB0aGF0IHJpZ2h0KTwvbGk+CjxsaT5BbmR5
IE1hbnNlbGwgLSBBbGdlcm5vbiBNb25jcmllZmYgd2hvIGFwcGFyZW50bHkg
cGxheXMgcGlhbm8gYmFkbHkgYW5kIGluIHJlYWwgbGlmZSBjYW4gZGVzaWdu
IHdlYnNpdGVzPC9saT4KPGxpPlN0ZXZlbiBCb2xsc2Nod2VpbGVyIC0gQWxn
ZXJub24gTW9uY3JpZWZmJ3MgYnV0bGVyPC9saT4KPGxpPkthdGllIFNvbW1l
cnMgLSBDZWNpbHkgQ2FyZHVlIC0gSmFjaydzIG5pZWNlIC0gc2hlJ3MgYSBi
aXQgbWFkLCBub3QgaW4gcmVhbCBsaWZlIHRob3VnaDwvbGk+CjxsaT5FZHdh
cmQgSm9obnNvbiAtIERyLiBDaGFzdWJsZSAtIHRoZSB2aWxsYWdlIHZpY2Fy
IC0gaGUncyBkb2luZyB0aGUgc2V0IGluIHJlYWwgbGlmZTwvbGk+PGJyIC8+
CjwvdWw+Cgo8YSBocmVmPSJodHRwOi8vd3d3LmJyaWdodG9uZmVzdGl2YWxm
cmluZ2Uub3JnLnVrL3RpY2tldGluZy9pbmRleC5hc3B4P2V2PTI3MTMiPlRo
ZSBJbXBvcnRhbmNlIG9mIGJlaW5nIEVhcm5lc3QsIDctOSBNYXkgMjAxMSBC
cmlnaHRvbiBGZXN0aXZhbCBGcmluZ2U8L2E+Cgo8aW1nIHNyYz0iaHR0cDov
L21lZGlhMi53aXJld29ybGRtZWRpYS5jby51ay9CRkZQL29zY2FyLXdpbGRl
LmpwZyIgYWx0PSJPc2NhciBXaWxkZSBoYXZpbmcgYSBmYWciIHN0eWxlPSJt
YXJnaW46IDVweCAyNXB4IDVweCAwOyBib3JkZXI6IDFweCBzb2xpZCBibGFj
azsiIC8+Cg==
"
"2011-04-15-marlborough-theatre-brighton-festival-fringe-2011.md","post","publish","true","Marlborough Theatre - Brighton Festival Fringe 2011","andy","2011-04-15 14:28:22 +0100","2011-04-15 14:28:22 +0100","Fringe festival, theatre, Fringe 2011, Brighton Festival Fringe Podcast","BFFP/fringe2011-marlborough-theatre.m4v","video/x-m4v","20802978","yKnA37F5nA8","560","315","QSBjaGFuY2UgdG8gbG9vayBpbnNpZGUgdGhlIE1hcmxib3JvdWdoIFRoZWF0
cmUsIG9uZSBvZiB0aGUgQnJpZ2h0b24gRnJpbmdlIEZlc3RpdmFsIHZlbnVl
cywgYW5kIGhlYXIgTWFuYWdlciwgVGFyaWsgRWxtb3V0YXdha2ksIHRhbGsg
YWJvdXQgdGhlIHRoZWF0cmUgYW5kIGl0J3MgaGlzdG9yeS4K
"
"2011-04-22-20-sam-chara-street-opera-performer.md","post","publish","true","#20: Sam Chara - street opera performer","andy","2011-04-22 11:01:00 +0100","2011-04-22 11:01:00 +0100","music, street entertainment","EB/eb020-sam-chara.mp3","audio/mp3","8431727",,,,"SSBtZXQgU2FtIG9uIE5ldyBSb2FkIGxhc3QgeWVhciAtIEkgd2FzIGF0dHJh
Y3RlZCBieSBoZXIgc3VwZXJiIG9wZXJhIHN0eWxlIApzaW5naW5nICh3aGlj
aCBJIGNvdWxkIGhlYXIgc2V2ZXJhbCBzdHJlZXRzIGF3YXkpLiBJIG1hZGUg
dGhlIGZpcnN0IHBhcnQgb2YgdGhlIApyZWNvcmRpbmcgbGFzdCB5ZWFyLCBh
bmQgdGhlIHNlY29uZCBwYXJ0IG9mIGhlciBzaW5naW5nIGp1c3QgYSBmZXcg
d2Vla3MgYWdvIGluIApNYXJjaCAyMDExLgoKSSBsb3ZlZCBpdCAtIGVuam95
IQo=
"
"2011-04-22-21-jon-barrenechea-of-the-duke-of-yorks-cinema.md","post","publish","true","#21: Jon Barrenechea of the Duke of York's Cinema","andy","2011-04-22 11:04:48 +0100","2011-04-22 11:04:48 +0100","cinema","EB/eb021-duke-of-yorks.mp3","audio/mp3","7047672",,,,"QW5keSBzcGVha3MgdG8gSm9uIEJhcnJlbmVjaGVhLCBtYW5hZ2VyIG9mIHRo
ZSBEdWtlIG9mIFlvcmsncyBDaW5lbWEgaW4gCkJyaWdodG9uLCB3aG8gdGVs
bHMgdXMgYWJvdXQgdGhlIGhpc3Rvcnkgb2YgdGhlIGNpbmVtYSwgdGhlIGxl
ZGdlbmQgb2YgdGhlIHJvb2YgCmxlZ3MsIGFuZCBob3cgdG8gam9pbiB0aGUg
Y2luZW1hLgo=
"
"2011-04-28-chi-kung-in-the-community-ele-denman-brighton-fringe-festival.md","post","publish","true","Chi Kung in the Community - Ele Denman - Brighton Fringe Festival","sarah","2011-04-28 11:15:42 +0100","2011-04-28 11:15:42 +0100","Fringe festival, Fringe 2011, Brighton Festival Fringe Podcast","BFFP/fringe2011-chi-kung-ele-denman.m4v","video/x-m4v","44554367","MoIIz8PMf1I","480","360","PGEgaHJlZj0iaHR0cDovL3d3dy5lbGVkZW5tYW4uY29tIj5FbGUgRGVubWFu
PC9hPiBleHBsYWlucyBhbGwgYWJvdXQgQ2hpIEt1bmcgYW5kIGhvdyBzaGUg
aXMgYnJpbmdpbmcgaXQgaW50byB0aGUgQ29tbXVuaXR5IGZvciB0aGUgQnJp
Z2h0b24gRmVzdGl2YWwgRnJpbmdlLgoKTXVzaWMgYnkgPGEgaHJlZj0iaHR0
cDovL3d3dy5teXNwYWNlLmNvbS93ZWFyZXN3aWZ0Ij5XZSBhcmUgU3dpZnQ8
L2E+Cg==
"
"2011-04-28-youth-arts-festival-launch-brighton-festival-fringe-2011.md","post","publish","true","Youth Arts Festival launch - Brighton Festival Fringe 2011","andy","2011-04-28 15:17:00 +0100","2011-04-28 15:17:00 +0100","Fringe festival, theatre, music, dance, Fringe 2011, Brighton Festival Fringe Podcast","BFFP/fringe2011-youth-arts-festival.mp3","audio/mp3","14294155",,,,"SSBzcG9rZSB0byBTYXJhaCBQYWluIGFuZCBvdGhlcnMgYXQgdGhlIGxhdW5j
aCBwYXJ0eSBvZiB0aGUgPGEgaHJlZj0iaHR0cDovL3d3dy55b3V0aGFydHNm
ZXN0aXZhbGJyaWdodG9uLm9yZy51ayI+WW91dGggQXJ0cyBGZXN0aXZhbDwv
YT4gYXQgdGhlIEp1YmlsZWUgTGlicmFyeSBpbiBCcmlnaHRvbi4KCjxpbWcg
c3R5bGU9ImZsb2F0OiBsZWZ0OyBtYXJnaW46IDVweCAyNXB4IDVweCAwOyBi
b3JkZXI6IDFweCBzb2xpZCBibGFjazsiIHNyYz0iaHR0cDovL21lZGlhMi53
aXJld29ybGRtZWRpYS5jby51ay9CRkZQL3lvdXRoLWFydHMtYmFkZ2UuanBn
IiBhbHQ9IllvdXRoIEFycyBGZXN0aXZhbCIgLz4K
"
"2011-04-29-the-spy-and-the-femme-fatale-david-weedall.md","post","publish","true","The Spy and the Femme Fatale - David Weedall - Brighton Festival Fringe 2011","andy","2011-04-29 06:42:28 +0100","2011-04-29 06:42:28 +0100","Fringe festival, theatre, comedy, Fringe 2011, Brighton Festival Fringe Podcast","BFFP/fringe2011-spy-and-the-femme-fatale.m4v","video/x-m4v","49438423","-sPXMlPJXR4","560","315","PGEgaHJlZj0iaHR0cDovL3NlY29uZGltcHJlc3Npb24ub3JnLnVrIiB0YXJn
ZXQ9Il9ibGFuayI+RGF2aWQgV2VlZGFsbDwvYT4gdGFsa3MgCmFib3V0IGhp
cyBsYXRlc3QgcHJvZHVjdGlvbiBhbmQgd2UgZ2V0IGEgc25lYWsgcHJldmll
dyBvZiBvbmUgb2YgdGhlIHNjZW5lcyBmcm9tIHRoZSBwbGF5LgoKTXVzaWMg
YnkgRGF2aWQgV2VlZGFsbC4K
"
"2011-05-03-neil-by-mouth-neil-cole-brighton-festival-fringe.md","post","publish","true","Neil By Mouth - Neil Cole - Brighton Festival Fringe 2011","sarah","2011-05-03 23:13:34 +0100","2011-05-03 23:13:34 +0100","Fringe festival, comedy, Fringe 2011, Brighton Festival Fringe Podcast","BFFP/fringe2011-neil-by-mouth-neil-cole.m4v","video/x-m4v","57337991","7oxmlT8M93I","560","315","PGEgaHJlZj0iaHR0cDovL3d3d3RoZW5laWxjb2xlc2hvdy5jb20iIHRhcmdl
dD0iX2JsYW5rIj4gTmVpbCBDb2xlPC9hPiB0YWxrcyB0byA8YSBocmVmPSJo
dHRwOi8vd2lyZXdvcmxkbWVkaWEuY28udWsiIHRhcmdldD0iX2JsYW5rIj5B
bmR5IFdoaXRlPC9hPiBhYm91dCBwZXJmb3JtaW5nIGhpcyBsYXRlc3Qgc2hv
dywgIk5laWwgQnkgTW91dGgiLCBmb3IgdGhpcyB5ZWFycyBGcmluZ2UuIE5l
aWwgYWxzbyByZW1pbmlzY2VzIGFib3V0IGEgcGFzdCBGcmluZ2UgcGVyZm9y
bWFuY2UgYW5kIGdpdmVzIGhpcyB1bmlxdWUgdmlldyBvbiBjb21lZHkuPGJy
IC8+Cg==
"
"2011-05-06-the-importance-of-being-ernest.md","post","publish","true","Preview - The Importance of Being Ernest at the Iambic Arts Theatre - Brighton Festival Fringe 2011","andy","2011-05-06 23:39:41 +0100","2011-05-06 23:39:41 +0100","Fringe festival, theatre, comedy, Fringe 2011, Brighton Festival Fringe Podcast","BFFP/fringe2011-importance-of-being-ernest.m4v","video/x-m4v","80793488","309KqUGZtUE","480","360","SGlnaGxpZ2h0cyBvZiBhIHNjZW5lIHBlcmZvcm1lZCBieSB0aGUgPGEgaHJl
Zj0iaHR0cDovL3d3dy5iYXJlZm9vdHBsYXllcnMuY28udWsiIHRhcmdldD0i
X2JsYW5rIj5CYXJlZm9vdCBQbGF5ZXJzPC9hPiBvZiBPc2NhciBXaWxkZSdz
LCBUaGUgSW1wb3J0YW5jZSBvZiBCZWluZyBFcm5lc3QsIGZyb20gdGhlIHBy
ZXZpZXcgYXQgdGhlIDxhIGhyZWY9Imh0dHA6Ly9pYW1iaWNhcnRzLmNvbSIg
dGFyZ2V0PSJfYmxhbmsiPklhbWJpYyBBcnRzIFRoZWF0cmUgPC9hPgo=
"
"2011-05-07-underbling-and-vow-ave-a-banana-marlborough-theatre-brighton-festival-fringe-2011.md","post","publish","true","Underbling And Vow - 'Ave A Banana - Marlborough Theatre - Brighton Festival Fringe 2011","andy","2011-05-07 23:02:56 +0100","2011-05-07 23:02:56 +0100","Fringe festival, theatre, music, comedy, Fringe 2011, Brighton Festival Fringe Podcast","BFFP/fringe2011-underbling-and-vow.m4v","video/x-m4v","82272607","uIC8gFnX9lc","480","360","QSBwcmV2aWV3L3JldmlldyBvZiA8YSBocmVmPSJodHRwczovL3d3dy5mYWNl
Ym9vay5jb20vVW5kZXJibGluZy1Wb3ctMTE3MTk0MDc4MzA3NzkwLyIgdGFy
Z2V0PSJfYmxhbmsiPgpVbmRlcmJsaW5nIGFuZCBWb3c8L2E+IHBlcmZvcm1p
bmcgdGhlaXIgTXVzaWMgSGFsbCB0aW1lIHRyYXZlbGxlcnMga25lZXMgdXAg
YXQgdGhlIE1hcmxib3JvdWdoIFRoZWF0cmUuCg==
"
"2011-05-09-kembles-riot-adrian-bunting-brighton-festival-fringe-2011.md","post","publish","true","Kemble's Riot - Adrian Bunting - Brighton Festival Fringe 2011","andy","2011-05-09 19:14:39 +0100","2011-05-09 19:14:39 +0100","Fringe festival, comedy, Fringe 2011, Brighton Festival Fringe Podcast","BFFP/fringe2011-kembles-riot.mp3","audio/mp3","11241841",,,,"SSBzcGVhayB0byBBZHJpYW4gQnVudGluZyAtIHBsYXl3cml0ZSBhbmQgYXV0
aG9yIG9mIEtlbWJsZXMncyBSaW90IHdoaWNoIHBsYXllZCAKYXQgdGhlIE9s
ZCBDb3VydCBIb3VzZSBhcyBwYXJ0IG9mIHRoZSAyMDExIEZyaW5nZS4gCgpP
biBEZWNlbWJlciAyMCwgMTgwOCwgdGhlIG9yaWdpbmFsIENvdmVudCBHYXJk
ZW4gVGhlYXRyZSB3YXMgZGVzdHJveWVkIGJ5IGEgZmlyZS4gVGhlIGNvc3Qg
b2YgCmNvbnN0cnVjdGluZyBhbmQgZnVybmlzaGluZyB0aGUgbmV3IGJ1aWxk
aW5nLCBob3dldmVyLCB3YXMgc28gaGlnaCB0aGF0IHRoZSAKbWFuYWdlbWVu
dCB3YXMgZm9yY2VkIHRvIHJhaXNlIHRoZSBwcmljZXMuIE9uIHRoZSBvcGVu
aW5nIG5pZ2h0LCByaW90cyBicm9rZSAKb3V0IGR1cmluZyBhIHBlcmZvcm1h
bmNlIG9mIE1hY2JldGggYW5kIGNvbnRpbnVlZCB0aHJvdWdob3V0IHRoZSBw
bGF5Li4uCgo8aW1nIHNyYz0ie3sgc2l0ZS5tZWRpYV9ob3N0IH19L0JGRlAv
a2VtYmxlcy1yaW90LmpwZyIgYWx0PSJLZW1ibGUncyBSaW90IiBzdHlsZT0i
ZmxvYXQ6IGxlZnQ7IG1hcmdpbjogNXB4IDI1cHggNXB4IDA7IGJvcmRlcjog
MXB4IHNvbGlkIGJsYWNrOyIgLz4K
"
"2011-05-09-kevin-shepherd-caronicle-brighton-festival-fringe-2011.md","post","publish","true","Kevin Shepherd - Caronicle - Brighton Festival Fringe 2011","andy","2011-05-09 22:40:54 +0100","2011-05-09 22:40:54 +0100","Fringe festival, comedy, Fringe 2011, Brighton Festival Fringe Podcast","BFFP/fringe2011-kevin-shepherd.m4v","video/x-m4v","54792284","IhjTDVcBL8Y","560","315","Q29tZWRpYW4gPGEgaHJlZj0iaHR0cDovL2tldmluc2hlcGhlcmQuY29tLyIg
dGFyZ2V0PSJfYmxhbmsiPktldmluIFNoZXBoZXJkPC9hPiB0YWxrcyB0byAK
QW5keSBXaGl0ZSBhYm91dCB0aGUgaW5zcGlyYXRpb24gYmVoaW5kIGhpcyBs
YXRlc3Qgc2hvdywgX0Nhcm9uaWNsZV8uCg==
"
"2011-05-09-matthew-hightons-shadowed-vagary-quadrant-brighton-festival-fringe-2011.md","post","publish","true","Matthew Highton's Shadowed Vagary - Quadrant - Brighton Festival Fringe 2011","sarah","2011-05-09 12:28:11 +0100","2011-05-09 12:28:11 +0100","Fringe festival, comedy, Fringe 2011, Brighton Festival Fringe Podcast","BFFP/fringe2011-matthew-highton.m4v","video/x-m4v","40472099","Zd_j2aJzLl0","560","315","V2Ugc3Bva2UgdG8gY29tZWRpYW4gPGEgdGl0bGU9Imh0dHA6Ly9tYXR0aGV3
aGlnaHRvbi5jby51ayIgaHJlZj0iaHR0cDovL21hdHRoZXdoaWdodG9uLmNv
LnVrLyIgdGFyZ2V0PSJfYmxhbmsiPgpNYXR0aGV3IEhpZ2h0b248L2E+IGFm
dGVyIGhpcyBmaXJzdCBwZXJmb3JtYW5jZSBvZiBTaGFkb3dlZCBWYWdhcnkg
YXQgdGhlIFF1YWRyYW50Lgo=
"
"2011-05-10-mark-restuccia-kiss-yourself-brighton-festival-fringe-2011.md","post","publish","true","Mark Restuccia - Kiss Yourself - Brighton Festival Fringe 2011","andy","2011-05-10 17:35:49 +0100","2011-05-10 17:35:49 +0100","Fringe festival, comedy, Fringe 2011, Brighton Festival Fringe Podcast","BFFP/fringe2011-mark-restuccia.m4v","video/x-m4v","26228523","QYhIqPL14OA","560","315","Q29tZWRpYW4sIDxhIGhyZWY9Imh0dHA6Ly93d3cubWFya3Jlc3R1Y2NpYS5j
b20vIiB0YXJnZXQ9Il9ibGFuayI+TWFyayAKUmVzdHVjY2lhPC9hPiBjaGF0
cyB0byBBbmR5IGFib3V0IHBlcmZvcm1pbmcgaGlzIGxhdGVzdCBzaG93LCBf
S2lzcyAKWW91cnNlbGZfLCBpbiB0aGUgRnJpbmdlLCBhbmQgdGhlIGluc3Bp
cmF0aW9uIGJlaGluZCBpdC4K
"
"2011-05-11-duncan-sibbald-keep-taking-the-tablets-brighton-festival-fringe-2011.md","post","publish","true","Duncan Sibbald - Keep Taking the Tablets - Brighton Festival Fringe 2011","andy","2011-05-11 12:35:55 +0100","2011-05-11 12:35:55 +0100","Fringe festival, theatre, Fringe 2011, Brighton Festival Fringe Podcast","BFFP/fringe2011-keep-taking-the-tablets.mp3","audio/mp3","9489690",,,,"SSBjaGF0dGVkIHRvIER1bmNhbiBTaWJiYWxkIHdobyB3cm90ZSBhbmQgcHJv
ZHVjZWQgS2VlcCBUYWtpbmcgdGhlIFRhYmxldHMKLSBhIG1vdmluZyBhbmQg
ZnVubnkgcGxheSBhYm91dCBtZW50YWwgaGVhbHRoIGFuZCBtZW50YWwgaGVh
bHRoIHNlcnZpY2VzLiAKRHVuY2FuIHRvbGQgbWUgYWJvdXQgdGhlIHN0b3J5
IGFuZCBpbnNwaXJhdGlvbiBiZWhpbmQgdGhlIHBsYXkgd2hpY2ggaXMgYmFz
ZWQgCm9uIGhpcyBtb3RoZXIncyBtZW50YWwgaWxsbmVzcyBhbmQgdGhlIGNo
YWxsZW5nZXMgaGUgZmFjZWQgbG9va2luZyBhZnRlciBoZXIuCgpQcm9maXRz
IGZyb20gdGhlIHNob3cgYXJlIGJlaW5nIGRvbmF0ZWQgdG8gdGhlIGNoYXJp
dHkgCjxhIGhyZWY9Imh0dHA6Ly93d3cubWluZC5vcmcudWsvIiB0YXJnZXQ9
Il9ibGFuayI+TWluZDwvYT4uCgo8aW1nIHN0eWxlPSJmbG9hdDogbGVmdDsg
bWFyZ2luOiA1cHggMjVweCA1cHggMDsgYm9yZGVyOiAxcHggc29saWQgYmxh
Y2s7IiBzcmM9Imh0dHA6Ly9tZWRpYTIud2lyZXdvcmxkbWVkaWEuY28udWsv
QkZGUC9rZWVwLXRha2luZy10aGUtdGFibGV0cy5qcGciIGFsdD0iS2VlcCBU
YWtpbmcgdGhlIFRhYmxldHMiIC8+PGJyIC8+Cg==
"
"2011-05-14-melvin-brown-soul-to-soul-komedia-brighton-festival-fringe-2011.md","post","publish","true","Melvin Brown - Soul To Soul - Komedia - Brighton Festival Fringe 2011","sarah","2011-05-14 17:50:56 +0100","2011-05-14 17:50:56 +0100","Fringe festival, music, Fringe 2011, Brighton Festival Fringe Podcast","BFFP/fringe2011-melvin-brown.m4v","video/x-m4v","44508478","PPcZi0-BDcA","480","360","PGEgaHJlZj0iaHR0cDovL3d3dy5tb3Zpbm1lbHZpbi5jb20iIHRhcmdldD0i
X2JsYW5rIj5NZWx2aW4gQnJvd248L2E+IGdhdmUgYSAKcHJldmlldyBvZiBo
aXMgc2hvdywgU291bCBUbyBTb3VsIChJIGhhdmUgYSBkcmVhbSksIGF0IEZy
aW5nZSBjaXR5LiBXZSBjYXVnaHQgCnVwIHdpdGggaGltIGFmdGVyIGhpcyBw
ZXJmb3JtYW5jZSBhbmQgYXNrZWQgaGltIGFib3V0IGhpcyBzaG93IGF0IHRo
ZQo8YSBocmVmPSJodHRwOi8vd3d3LmtvbWVkaWEuY28udWsvYnJpZ2h0b24i
IHRhcmdldD0iX2JsYW5rIj5Lb21lZGlhPC9hPiBhbmQgCmZvdW5kIG91dCBh
IGJpdCBhYm91dCB0aGUgbWFuIGhpbXNlbGYuCg==
"
"2011-05-14-the-worlds-biggest-pompom-brighton-fashion-week-brighton-festival-fringe-2011.md","post","publish","true","The World's Biggest Pompom - Brighton Fashion Week - Brighton Festival Fringe 2011","sarah","2011-05-14 16:29:40 +0100","2011-05-14 16:29:40 +0100","Fringe festival, Fringe 2011, Brighton Festival Fringe Podcast","BFFP/fringe2011-pompom.m4v","video/x-m4v","84313335","OY57xpharec","560","315","PGEgaHJlZj0iaHR0cDovL3d3dy5icmlnaHRvbmZhc2hpb253ZWVrLmNvbS8i
IHRhcmdldD0iX2JsYW5rIj4KQnJpZ2h0b24gRmFzaGlvbiBXZWVrIDwvYT4g
YnJlYWtzIHRoZSByZWNvcmQgZm9yIHRoZSBXb3JsZCdzIGJpZ2dlc3QgcG9t
cG9tIGluIApKdWJpbGVlIFNxdWFyZSwgQnJpZ2h0b24uCgpNdXNpYyBieSA8
YSBocmVmPSJodHRwczovL3d3dy5mYWNlYm9vay5jb20vTW9ybmluZ09yY2hl
c3RyYUZhbnBhZ2UiIHRhcmdldD0iX2JsYW5rIj4KVGhlIE1vcm5pbmcgT3Jj
aGVzdHJhPC9hPi4K
"
"2011-05-20-jessica-fostekew-luxury-tramp-brighton-festival-fringe-2011.md","post","publish","true","Jessica Fostekew - Luxury Tramp - Brighton Festival Fringe 2011","sarah","2011-05-20 12:10:29 +0100","2011-05-20 12:10:29 +0100","Fringe festival, comedy, Fringe 2011, Brighton Festival Fringe Podcast","BFFP/fringe2011-jessica-fostekew.m4v","video/x-m4v","35891030","djbFc87oP_4","560","315","V2Ugc3Bva2UgdG8gY29tZWRpYW4gPGEgaHJlZj0iaHR0cDovL3d3dy5qZXNz
aWNhZm9zdGVrZXcuY29tIiB0YXJnZXQ9Il9ibGFuayI+Ckplc3NpY2EgRm9z
dGVrZXc8L2E+IGJlZm9yZSB0aGUgZmlyc3QgcGVyZm9ybWFuY2Ugb2YgaGVy
IHNob3csIEx1eHVyeSBUcmFtcCBhdCAKdGhlIFF1YWRyYW50IHRoaXMgRnJp
bmdlLiBKZXNzaWNhIHRhbGtlZCBhYm91dCBwZXJmb3JtaW5nIGluIHRoaXMg
eWVhcnMgRnJpbmdlIAphbmQgdGhlIGluc3BpcmF0aW9uIGJlaGluZCBoZXIg
bGF0ZXN0IHNob3cuCg==
"
"2011-05-21-the-kings-face-iambic-arts-theatre-brighton-festival-fringe-2011.md","post","publish","true","The King's Face - Iambic Arts Theatre - Brighton Festival Fringe 2011","andy","2011-05-21 18:05:56 +0100","2011-05-21 18:05:56 +0100","Fringe festival, theatre, Fringe 2011, Brighton Festival Fringe Podcast","BFFP/fringe2011-kings-face.mp3","audio/mp3","14697494",,,,"SSBzcG9rZSB0byBTdGV2ZW4gWW91bmcgKERpcmVjdG9yKSwgR3JhaGFtIFJv
d2UgYW5kIERhdmlkIFRyb3NrbyBvZiBUaGUgS2luZydzIApGYWNlIHBsYXlp
bmcgaW4gdGhlIEZyaW5nZSBhdCB0aGUgSWFtYmljIEFydHMgVGhlYXRyZS4g
QSBsaXZlbHkgaW50ZXJhY3Rpb24gCmVuc3VlZCB0aGF0IGdpdmVzIHVzIHNv
bWUgc3BsZW5kaWQgaW5zaWdodHMgaW50byBzdG9yeSBiZWhpbmQgdGhlIHBs
YXkuCgo8aW1nIHN0eWxlPSJtYXJnaW46IDVweCAyNXB4IDVweCAwOyBib3Jk
ZXI6IDFweCBzb2xpZCBibGFjazsiIHNyYz0ie3sgc2l0ZS5tZWRpYV9ob3N0
IH19L0JGRlAva2luZ3MtZmFjZS5qcGciIGFsdD0iVGhlIEtpbmcncyBGYWNl
IiAvPgo=
"
"2011-05-25-22-acampada-brighton.md","post","publish","true","#22: Acampada Brighton","andy","2011-05-25 22:02:53 +0100","2011-05-25 22:02:53 +0100","environment, protests","EB/eb022-acampada-brighton.mp3","audio/mp3","12549229",,,,"SSBmaXJzdCBub3RpY2VkIGFuIDxhIGhyZWY9Imh0dHA6Ly9zcGFuaXNocmV2
b2x1dGlvbmJyaWdodG9uLndvcmRwcmVzcy5jb20vIiB0YXJnZXQ9Il9ibGFu
ayI+ZW5jYW1wbWVudCBvbiB0aGUgT2xkIFN0ZWluPC9hPiB5ZXN0ZXJkYXku
IApUb2RheSBJIHNwb2tlIHRvIDxhIGhyZWY9Imh0dHBzOi8vdHdpdHRlci5j
b20vY2FtcGJyaWdodG9uIiB0YXJnZXQ9Il9ibGFuayI+Q2FybG9zIEdlbm92
YTwvYT4sIGEgcmVzaWRlbnQgb2YgdGhlIGNhbXAsIGFib3V0IHdoYXQgaXQn
cyBhbGwgYWJvdXQuIEl0IGdvZXMgdW5kZXIgc2V2ZXJhbCBuYW1lcyBpbmNs
dWRpbmcgU3BhbmlzaCBSZXZvbHV0aW9uIGFuZCBHbG9iYWwgUmV2b2x1dGlv
biAtIGJ1dCBJIGxpa2UgdGhlIFR3aXR0ZXIgdGFnIC0gPGEgaHJlZj0iaHR0
cHM6Ly90d2l0dGVyLmNvbS8jIS9zZWFyY2g/cT0lMjNBY2FtcGFkYUJyaWdo
dG9uIiB0YXJnZXQ9Il9ibGFuayI+I0FjYW1wYWRhQnJpZ2h0b248L2E+IChh
cHBhcmVudGx5IHRoaXMgaXMgZ29pbmcgb24gaW4gbWFueSBjb3VudHJpZXMg
YWNyb3NzIHRoZSB3b3JsZCBzbyB5b3UgY2FuIGp1c3Qgc3Vic3RpdHV0ZSBC
cmlnaHRvbiB3aXRoIG1hbnkgb3RoZXIgY2l0aWVzKS4gSW4gZXNzZW5jZSAt
IGl0J3MgYWxsIGFib3V0IHBlYWNlLCBnaXZpbmcgYW5kIGVudmlyb25tZW50
YWwgcmVzcG9uc2liaWxpdHkuCgpJIHdpc2ggdGhlbSB0aGUgdmVyeSBiZXN0
IG9mIGx1Y2suCgo8aW1nIGNsYXNzPSJhbGlnbmxlZnQiIHNyYz0ie3sgc2l0
ZS5tZWRpYV9ob3N0IH19L0VCL2FjYW1wYWRhLWJyaWdodG9uLmpwZyIgYWx0
PSIiIHdpZHRoPSIzNTAiIGhlaWdodD0iMjYzIiAvPgo=
"
"2011-05-25-the-cock-tail-inn-driftwood-productions-brighton-festival-fringe-2011.md","post","publish","true","The Cock & Tail Inn - Driftwood Productions - Brighton Festival Fringe 2011","sarah","2011-05-25 16:14:10 +0100","2011-05-25 16:14:10 +0100","Fringe festival, theatre, Fringe 2011, Brighton Festival Fringe Podcast","BFFP/fringe2011-cock-and-tail-inn.m4v","video/x-m4v","58606976","0Gbi5bX4FK8","560","315","TmljayBHcmVlbiBhbmQgSm9obiBTY290dCBDb2JiIG9mIDxhIGhyZWY9Imh0
dHA6Ly93d3cuZHJpZnR3b29kcHJvZHVjdGlvbnMuY28udWsiIHRhcmdldD0i
X2JsYW5rIj4KRHJpZnR3b29kIFByb2R1Y3Rpb25zPC9hPiBjaGF0dGVkIHRv
IHVzIG9uIHRoZSBzZXQgb2YgdGhlaXIgNzAncyB0aGVtZWQgcHViIApjb21l
ZHksICJUaGUgQ29jayAmIFRhaWwgSW5uIi4K
"
"2011-05-27-knock-knock-antik-brighton-festival-fringe-2011.md","post","publish","true","Knock Knock - Antik - Brighton Festival Fringe 2011","sarah","2011-05-27 20:39:53 +0100","2011-05-27 20:39:53 +0100","Fringe festival, theatre, Fringe 2011, Brighton Festival Fringe Podcast","BFFP/fringe2011-knock-knock.m4v","video/x-m4v","73022938","xGJcWoRIFWw","480","360","V2UgdGFsa2VkIHdpdGggUm9zYWxpbmQgR2Vvcmdlc29uIGFuZCBDbGFyZSBI
YWxzdGVhZCwgb2YgQW50aWsgYWJvdXQgdGhlIApwcmVtaWVyZSBvZiB0aGVp
ciBmaXJzdCBwcm9kdWN0aW9uIEtub2NrIEtub2NrLgo=
"
"2012-04-10-dip-your-toe-bathing-machine-build-brighton-festival-fringe-2012.md","post","publish","true","Dip Your Toe - Bathing Machine Build - Brighton Festival Fringe 2012","sarah","2012-04-10 15:19:02 +0100","2012-04-10 15:19:02 +0100","Brighton Festival Fringe Podcast, Fringe 2012","BFFP/025-dip-your-toe-build.m4v","video/x-m4v","133459068","WNh6y3Z6cBY","560","315","U3RldmVuIEJyZXR0LCBBcnRpc3RpYyBEaXJlY3RvciBvZiB0aGUgPGEgaHJl
Zj0iaHR0cDovL3d3dy5uaWdodGluZ2FsZXRoZWF0cmUuY28udWsiIHRhcmdl
dD0iX2JsYW5rIj4KTmlnaHRpbmdhbGU8L2E+IHRhbGtzIGFib3V0IERpcCBZ
b3VyIFRvZSwgYSBsYXJnZSBzY2FsZSBhcnRzIGV2ZW50LCBwcm9kdWNlZCBi
eSAKdGhlIE5pZ2h0aW5nYWxlIHdpdGggQnJpZ2h0b24gRnJpbmdlIGFuZCBU
aGUgTWFybGJvcm91Z2ggVGhlYXRyZSwgdGhhdCB0b29rIHRha2UgcGxhY2Ug
CmluIHRoZSBzdHJlZXRzIG9mIEJyaWdodG9uIHRvIGNlbGVicmF0ZSB0aGUg
TWFpZGVuIFZveWFnZSBvZiBMb25lIFR3aW4ncywgClRoZSA8YSBocmVmPSJo
dHRwOi8vd3d3LnRoZWJvYXRwcm9qZWN0LmNvbSI+Qm9hdCBQcm9qZWN0PC9h
Pi4gCgpUaGlzIHNwZWN0YWN1bGFyIApldmVudCBzYXcgdGhlIGNyZWF0aW9u
IG9mIHNpeCBiZXNwb2tlIFZpY3RvcmlhbiBzdHlsZSBiYXRoaW5nIG1hY2hp
bmVzLCAKd2hpY2ggYWN0ZWQgYXMgaW50aW1hdGUgbmV3IEJyaWdodG9uIEZy
aW5nZSB2ZW51ZXMsIGluIHByaW1lIGxvY2F0aW9ucyAKYWNyb3NzIHRoZSBj
aXR5IGluIE1heSAyMDEyLiBXZSBmaWxtZWQgb25lIG9mIHRoZSBiYXRoaW5n
IG1hY2hpbmVzIGJlaW5nIGJ1aWx0IApvbiBhIGZvZ2d5IG1vcm5pbmcgb24g
QnJpZ2h0b24gYmVhY2guCg==
"
"2012-05-09-puppet-paramour-and-sock-puppet-side-show-boogaloo-stu-dip-your-toe-brighton-fringe-2012.md","post","publish","true","Puppet Paramour and Sock Puppet Side Show - Boogaloo Stu, Dip Your Toe - Brighton Fringe 2012","sarah","2012-05-09 15:55:40 +0100","2012-05-09 15:55:40 +0100","comedy, Brighton Festival Fringe Podcast, Fringe 2012, puppetry","BFFP/023-boogaloo-stu.m4v","video/x-m4v","111026473","by-GH0J4ZV8","560","315","Qm9vZ2Fsb28gU3R1IGV4cGxhaW5zIGFsbCBhYm91dCBoaXMgUHVwcGV0IFBh
cmFtb3VyIGFuZCBTb2NrIFB1cHBldCBTaWRlIFNob3csIAp3aGljaCB0b29r
IHBsYWNlIGluIG9uZSBvZiBEaXAgWW91ciBUb2UncyBzaXggVmljdG9yaWFu
IHN0eWxlIGJhdGhpbmcgbWFjaGluZXMuIAo=
"
"2012-05-09-the-department-of-unreliable-memoirs-stillpoint-theatre-dip-your-toe-brighton-fringe-2012.md","post","publish","true","The Department of Unreliable Memoirs - Stillpoint Theatre, Dip Your Toe - Brighton Fringe 2012","sarah","2012-05-09 16:01:31 +0100","2012-05-09 16:01:31 +0100","theatre, Brighton Festival Fringe Podcast, Fringe 2012","BFFP/024-department-of-unreliable-memoirs.m4v","video/x-m4v","54526757","MjL0FSvGJ5Q","560","315","RW1tYSBLaWxiZXkgb2YgU3RpbGxwb2ludCBUaGVhdHJlIHRvbGQgdXMgYWJv
dXQgVGhlIERlcGFydG1lbnQgb2YgVW5yZWxpYWJsZSAKTWVtb2lycy4gVGhp
cyBwcm9kdWN0aW9uIHdhcyBjcmVhdGVkIGFuZCBwZXJmb3JtZWQgYnkgRW1t
YSBhbmQgUmFjaGVsIEJsYWNrbWFuIAppbiBvbmUgb2YgdGhlIFZpY3Rvcmlh
biBzdHlsZSBiYXRoaW5nIG1hY2hpbmVzIGZvciBEaXAgWW91ciBUb2UgZHVy
aW5nIHRoZSAKQnJpZ2h0b24gRnJpbmdlIDIwMTIuCg==
"
"2012-05-11-headcase-touched-theatre-brighton-fringe-2012.md","post","publish","true","Headcase - Touched Theatre - Brighton Fringe 2012","andy","2012-05-11 15:39:01 +0100","2012-05-11 15:39:01 +0100","theatre, dance, Brighton Festival Fringe Podcast, Fringe 2012","BFFP/026-headcase-touched-theatre.mp3","audio/mp3","15569293",,,,"QW5keSBjaGF0dGVkIHdpdGggQmVjY3kgU21pdGggYW5kIERhcnJlbiBFYXN0
IG9mIFRvdWNoZWQgVGhlYXRyZSBhYm91dCB0aGVpciAKcHJvZHVjdGlvbiwg
SGVhZGNhc2UuIEl0J3MgdGhlIGZpcnN0IHRpbWUgYW55b25lJ3MgZ2l2ZW4g
YSBuYW1lIHRvIG15IGZ1cnJ5IAptaWNyb3Bob25lIHdpbmQgY292ZXIgLSBm
cm9tIG5vdyBvbiwgaXQgc2hhbGwgYmUga293biBhcyBHb3Jkb24gKG1vcmUg
bGlrZWx5IApCcm93biwgbm90IHRoZSBnb2ZlcikuCgpGcm9tIHRoZSA8YSBo
cmVmPSJodHRwOi8vd3d3LnRvdWNoZWR0aGVhdHJlLmNvLnVrL0hlYWRjYXNl
Lmh0bWwiPmhlYWRjYXNlIHdlYnNpdGU8L2E+OgpDb21iaW5pbmcgdGFibGV0
b3AgcHVwcGV0cnkgYW5kIG9iamVjdCB0aGVhdHJlIHdpdGggcG93ZXJmdWwg
ZGFuY2UgYW5kIHZpc3VhbCAKdGhlYXRyZSwgSGVhZGNhc2Ugc2hhcmVzIHRo
ZSByZWFsIGV4cGVyaWVuY2VzIG9mIGEgbWFkZSB1cCwgbWl4ZWQgdXAgdGVl
bmFnZXIgCmFzIHNoZSBzdHJ1Z2dsZXMgdG8gY29tZSB0byB0ZXJtcyB3aXRo
IHdoYXQncyBnb2luZyBvbiBpbnNpZGUgaGVyIG93biBoZWFkLgoKPGltZyBz
cmM9Int7IHNpdGUubWVkaWFfaG9zdCB9fS9CRkZQL2VyaWMuanBnIiBhbHQ9
IkVyaWMgdGhlIEZpc2giIHN0eWxlPSJtYXJnaW46IDAgMjVweCA1cHggMDsg
Ym9yZGVyOiAxcHggc29saWQgYmxhY2s7IiAvPgo=
"
"2012-05-15-all-fingers-and-thumbs-brighton-fringe-2012.md","post","publish","true","All Fingers and Thumbs - Brighton Fringe 2012","sarah","2012-05-15 20:56:00 +0100","2012-05-15 20:56:00 +0100","Fringe festival, theatre, Brighton Festival Fringe Podcast, Fringe 2012","BFFP/027-all-fingers-and-thumbs.m4v","video/x-m4v","91149622","KtzHXJySu3Q","560","315","PGEgaHJlZj0iaHR0cDovL3NlY29uZGltcHJlc3Npb24ub3JnLnVrIiB0YXJn
ZXQ9Il9ibGFuayI+RGF2aWQgV2VlZGFsbDwvYT4gCnRhbGtzIGFib3V0IGhp
cyBibGFjayBjb21lZHkgYW5kIHdlIGdldCBhIHNuZWFrIG9mIG9uZSBvZiB0
aGUgc2NlbmVzIGZyb20gdGhlIHBsYXkuCgpNdXNpYyBieSBEYXZpZCBXZWVk
YWxsCg==
"
"2012-05-21-kissing-the-gunners-daughter-grist-to-the-mill-dip-your-toe-brighton-fringe-2012.md","post","publish","true","Kissing The Gunner's Daughter - Grist To The Mill, Dip Your Toe - Brighton Fringe 2012","sarah","2012-05-21 14:45:20 +0100","2012-05-21 14:45:20 +0100","Fringe festival, street entertainment, Brighton Festival Fringe Podcast, Fringe 2012, puppetry","BFFP/029-kissing-the-gunners-daughter.m4v","video/x-m4v","171853763","8fAZtmX8u80","560","315","RG9yb3RoeSBNYXggUHJpb3IgYW5kIElzb2JlbCBTbWl0aCB0YWxrIGFib3V0
IEdyaXN0IFRvIFRoZSBNaWxsJ3MgcHJvZHVjdGlvbiwgCktpc3NpbmcgVGhl
IEd1bm5lcidzIERhdWdodGVyLiBUaGlzIHByb2R1Y3Rpb24gd2FzIHBlcmZv
cm1lZCBpbiBvbmUgb2YgdGhlIApWaWN0b3JpYW4gc3R5bGUgYmF0aGluZyBt
YWNoaW5lcyBmb3IgRGlwIFlvdXIgVG9lIGR1cmluZyB0aGUgQnJpZ2h0b24g
RnJpbmdlIDIwMTIuCg==
"
"2012-05-21-the-marlborough-theatre-brighton-fringe-2012.md","post","publish","true","The Marlborough Theatre - Brighton Fringe 2012","sarah","2012-05-21 13:56:10 +0100","2012-05-21 13:56:10 +0100","brighton festival, Fringe festival, theatre, Brighton Festival Fringe Podcast, Fringe 2012","BFFP/028-marlborough-theatre.m4v","video/x-m4v","101618127","ALPQ6D3ygws","560","315","VGFyaWsgRWxtb3V0YXdha2kgYW5kIERhdmlkIFNoZXBwZWFyZCBjaGF0IGFi
b3V0IHRoZSAKPGEgaHJlZj0iaHR0cDovL3d3dy5tYXJsYm9yb3VnaHRoZWF0
cmUub3JnLnVrIiB0YXJnZXQ9Il9ibGFuayI+TWFybGJvcm91Z2ggVGhlYXRy
ZTwvYT4sIAppdCdzIHByb2dyYW1tZSBmb3IgdGhlIEJyaWdodG9uIEZyaW5n
ZSAyMDEyIGFuZCB0aGUgCjxhIGhyZWY9Imh0dHA6Ly93d3cuZGlweW91cnRv
ZS5jby51ayIgdGFyZ2V0PSJfYmxhbmsiPkRpcCBZb3VyIFRvZSBwcm9qZWN0
PC9hPi4K
"
"2012-05-29-final-week-brighton-fringe-2012.md","post","publish","true","Final Week - Brighton Fringe 2012","sarah","2012-05-29 09:22:27 +0100","2012-05-29 09:22:27 +0100","Fringe festival, theatre, street entertainment, Brighton Festival Fringe Podcast, Fringe 2012","BFFP/032-week3-brighton-fringe-2012.m4v","video/x-m4v","96229884","Uco85QGiBpY","560","315","V2UgdGFsayB0byBKdWxpYW4gQ2FkZHksIEJyaWdodG9uIEZyaW5nZSBNRCBh
dCB0aGUgSGVuZHJpY2sncyBMaWJyYXJ5IG9mIApEZWxpZ2h0ZnVsbHkgUGVj
dWxpYXIgV3JpdGluZ3MgYW5kIERhbWlhbiBCYXJyLCBDdXJhdG9yIGFuZCBI
b3N0IG9mIHRoZSB2ZW51ZSwgCnRoZW4gd2UgdGFrZSBhIGxvb2sgYXQgYWxs
IHRoZSBDdWx0dXJhbCBPbHltcGlhZCdzIAo8YSBocmVmPSJodHRwOi8vd3d3
LmRpcHlvdXJ0b2UuY28udWsiIHRhcmdldD0iX2JsYW5rIj5EaXAgWW91ciBU
b2UgcHJvamVjdDwvYT4gYW5kIGFsbCBpdHMgCmJhdGhpbmcgbWFjaGluZXMu
IAoKVGhpcyB2aWRlbyB3YXMgMyBvZiAzIHRoYXQgYXBwZWFyZWQgb24gdGhl
IEluZGVwZW5kZW50IE5ld3NwYXBlciB3ZWJzaXRlLgo=
"
"2012-05-29-for-families-week-2-brighton-fringe-2012.md","post","publish","true","For Families - Week 2 - Brighton Fringe 2012","sarah","2012-05-29 08:58:24 +0100","2012-05-29 08:58:24 +0100","theatre, street entertainment, Brighton Festival Fringe Podcast, Fringe 2012","BFFP/031-week2-brighton-fringe-2012.m4v","video/x-m4v","104037790","G8dbTz-TOOM","560","315","V2UgY2hhdCB0byBKdWxpYW4gQ2FkZHkgYWJvdXQgdGhlIGh1bmRyZWRzIG9m
IHNob3dzIGZvciBmYW1pbGllcyBhdCBCcmlnaHRvbiAKRnJpbmdlIDIwMTIs
IGJlZm9yZSBoYXZpbmcgYSBsb29rIGF0IFRoZSBIdXJseSBCdXJseSAtIEJy
aWdodG9uIEZyaW5nZSdzIGZpcnN0IApldmVyIGZhbWlseSBkZWRpY2F0ZWQg
dmVudWUuIAoKVGhpcyB2aWRlbyB3YXMgMiBvZiAzIHRoYXQgYXBwZWFyZWQg
b24gdGhlIEluZGVwZW5kZW50IE5ld3NwYXBlciB3ZWJzaXRlLgo=
"
"2012-05-29-week-one-brighton-fringe-2012.md","post","publish","true","Week One - Brighton Fringe 2012","sarah","2012-05-29 08:41:00 +0100","2012-05-29 08:41:00 +0100","Fringe festival, theatre, street entertainment, Brighton Festival Fringe Podcast, Fringe 2012","BFFP/030-week1-brighton-fringe-2012.m4v","video/x-m4v","73386076","rjpnfraCwvs","560","315","V2Ugc3BlYWsgdG8gQnJpZ2h0b24gRnJpbmdlIG1hbmFnaW5nIGRpcmVjdG9y
IEp1bGlhbiBDYWRkeSBhYm91dCB0aGUgZmlyc3Qgd2VlayAKb2YgQnJpZ2h0
b24gRnJpbmdlLCB0YWtlIGEgbG9vayBhdCBzb21lIGV4Y2l0aW5nIG5ldyBw
ZXJmb3JtYW5jZSBzcGFjZXMgYW5kIAp0YWtlIGluIHRoZSBhdG1vc3BoZXJl
IGF0IEZyaW5nZSBDaXR5LiAKClRoaXMgdmlkZW8gd2FzIDEgb2YgMyB0aGF0
IGFwcGVhcmVkIG9uIHRoZSBJbmRlcGVuZGVudCBOZXdzcGFwZXIgd2Vic2l0
ZS4K
"
"2012-06-08-an-interview-with-jonathan-brown-the-last-lunch-best-new-play-brighton-fringe-2012.md","post","publish","true","An Interview with Jonathan Brown, The Last Lunch - Best New Play - Brighton Fringe 2012","sarah","2012-06-08 15:14:48 +0100","2012-06-08 15:14:48 +0100","Fringe festival, theatre, Brighton Festival Fringe Podcast, Fringe 2012","BFFP/035-jonathan-brown-the-last-lunch.m4v","video/x-m4v","654085171","Mlxi3bext4I","560","315","V2UgcmVjZW50bHkgc3BlbnQgYSBwbGVhc2FudCBhbmQgc29tZSB3aGF0IGhp
bGFyaW91cyBhZnRlcm5vb24gY2hhdHRpbmcgYW5kIApkcmlua2luZyB0ZWEg
d2l0aCA8YSBocmVmPSJodHRwOi8vd3d3LmpvbmF0aGFuLWJyb3duLmNvLnVr
IiB0YXJnZXQ9Il9ibGFuayI+Sm9uYXRoYW4gQnJvd248L2E+IAppbiBoaXMg
Z2FyZGVuLiAKCldlIHRhbGtlZCBhYm91dCBoaW0gcmVjZWl2aW5nIHRoZSBO
ZXcgV3JpdGluZyBTb3V0aC9CcmlnaHRvbiBGcmluZ2UgMjAxMiBCZXN0IApO
ZXcgUGxheSBBd2FyZC4gV2Ugd2VudCBvbiB0byBkaXNjdXNzZWQgaGlzIHdp
bm5pbmcgcGxheSwgVGhlIExhc3QgTHVuY2gsIHRoZSAKaW5zcGlyYXRpb24g
YmVoaW5kIGl0IGFuZCBoaXMgdGhlYXRyZSBncm91cCwgU29tZXRoaW5nIFVu
ZGVyZ3JvdW5kIFRoZWF0cmUgQ29tcGFueS4K
"
"2012-06-08-trouser-wearing-characters-rose-collis-brighton-fringe-2012.md","post","publish","true","Trouser Wearing Characters - Rose Collis - Brighton Fringe 2012","sarah","2012-06-08 12:52:40 +0100","2012-06-08 12:52:40 +0100","Fringe festival, music, Brighton Festival Fringe Podcast, Fringe 2012","BFFP/033-trouser-wearing-characters.m4v","video/x-m4v","44225748","N6QmejypjbE","560","315","PGEgaHJlZj0iaHR0cDovL3d3dy5yb3NlY29sbGlzLmNvbSI+Um9zZSBDb2xs
aXM8L2E+IHRhbGtzIGFib3V0IGhlciBsYXRlc3QgCnByb2R1Y3Rpb24sIFRy
b3VzZXIgV2VhcmluZyBDaGFyYWN0ZXJzLCBhbmQgdGhlIGhpc3RvcnkgYmVo
aW5kIGl0Lgo=
"
"2012-06-11-dirty-scavenger-hanging-gardens-of-brighton-brighton-fringe-2012.md","post","publish","true","Dirty Scavenger - Hanging Gardens of Brighton - Brighton Fringe 2012","andy","2012-06-11 18:45:12 +0100","2012-06-11 18:45:12 +0100","Fringe festival, music, Brighton Festival Fringe Podcast, Fringe 2012","BFFP/037-dirty-scavenger.m4v","video/x-m4v","61064607","ib9M64ohW5M","560","315","W0RpcnR5IFNjYXZlbmdlcl0oaHR0cDovL3d3dy5teXNwYWNlLmNvbS9kaXJ0
eXNjYXZlbmdlcikgY2hhdHMgYWJvdXQgaGVyIG11c2ljLCAKaGVyIGxpZmUg
YW5kIHBlcmZvcm1pbmcgYXQgdGhlIFtIYW5naW5nIEdhcmRlbnMgb2YgQnJp
Z2h0b25dKGh0dHA6Ly93d3cuYmFieWxvbmZlc3RpdmFscy5jb20pLCAKdGhl
IGZpbmFsZSBwYXJ0eSB0byB0aGUgQnJpZ2h0b24gRnJpbmdlIDIwMTIuCg==
"
"2012-06-11-kemptown-carnival-2012.md","post","publish","true","Kemptown Carnival 2012","andy","2012-06-11 19:02:54 +0100","2012-06-11 19:02:54 +0100","music, street entertainment","BFFP/038-kemptown-carnival-2012.m4v","video/x-m4v","100131083","dH8Y-vBy9Xc","560","315","QSBtb250YWdlIG9mIHBlb3BsZSBlbmpveWluZyB0aGUgS2VtcHRvd24gQ2Fy
bml2YWwsIEJyaWdodG9uLCBVSy4gQW5keSBnZXRzIGEgY3VzdGFyZCBwaWUg
aW4gdGhlIGZhY2UgYW5kIGZpbmRzIG91dCB3aGF0IGEgcG9zaXRpdmUgZXhw
ZXJpZW5jZSB0aGlzIGNhbiBiZS4uLgo=
"
"2012-06-11-rodrigo-kerr-king-lagoons-flying-swordfish-dance-band-hanging-gardens-of-brighton-brighton-fringe-2012.md","post","publish","true","Rodrigo Kerr - King Lagoon's Flying Swordfish Dance Band - Hanging Gardens of Brighton - Brighton Fringe 2012","andy","2012-06-11 18:39:09 +0100","2012-06-11 18:39:09 +0100","Fringe festival, music, Brighton Festival Fringe Podcast, Fringe 2012","BFFP/036-flying-swordfish.m4v","video/x-m4v","45721674","xTIujRGzaTk","560","315","Um9kcmlnbyBLZXJyIG9mIFtLaW5nIExhZ29vbidzIEZseWluZyBTd29yZGZp
c2ggRGFuY2UgQmFuZF0oaHJlZj0iaHR0cDovL3d3dy5mYWNlYm9vay5jb20v
S2luZ2xhZ29vbikgCnRhbGtzIGFib3V0IGhpcyBiYW5kIGFuZCBwZXJmb3Jt
aW5nIGF0IHRoZSBIYW5naW5nIEdhcmRlbnMgb2YgQnJpZ2h0b24sIHRoZSAK
ZmluYWxlIHBhcnR5IHRvIHRoZSBCcmlnaHRvbiBGcmluZ2UgMjAxMi4KCkZp
bG0gYnkgW0FuZHkgV2hpdGVdKGh0dHA6Ly93d3cud2lyZXdvcmxkbWVkaWEu
Y28udWspCg==
"
"2012-09-03-birdy-man-tim-bat.md","post","publish","true","Birdy Man - Tim Bat","andy","2012-09-03 15:45:58 +0100","2012-09-03 15:45:58 +0100","comedy, street entertainment","EB/eb023-birdy-man-tim-bat.mp3","audio/mp3","47137537",,,,"SSBvZnRlbiB3b25kZXJlZCB3aG8gdGhlIGd1eSB3YXMgYmVoaW5kIHRoZSBi
aXJkIHdoaXN0bGluZyBtYW4gd2hvIHdhbGtlZCB0aGUgc3RyZWV0cyBvZiBC
cmlnaHRvbi4gCkkgcmVjZW50bHkgaGFkIHRoZSBwbGVhc3VyZSBvZiBzcGVu
ZGluZyA1MCBtaW51dGVzIHdpdGggaGltIC0gYW5kIHRoaXMgaXMgd2hhdCBJ
IGZvdW5kLi4uCg==
"
